voxels,num_points
20551
20912
21180
21449
21718
38112
38114
38386
38566
38650
38742
38744
38751
38762
38920
38928
38933
39016
39027
39029
39031
39110
39114
39121
39186
39208
39275
39278
39280
39367
39384
39386
39455
39457
39459
39635
39637
39639
39651
39722
39724
39724
39726
39747
39812
39814
39819
39821
39823
39823
39835
39838
39902
39908
39909
39911
39913
39914
39916
39918
39920
39927
39993
40001
40003
40004
40004
40005
40006
40006
40008
40011
40013
40085
40086
40093
40096
40099
40104
40106
40107
40184
40186
40188
40265
40281
40282
40289
40357
40368
40369
40377
40450
40456
40460
40462
40468
40468
40534
40536
40539
40543
40553
40626
40628
40649
40715
40722
40725
40726
40731
40736
40739
40808
40811
40812
40827
40896
40897
40907
40914
40918
40984
40986
40986
40996
41005
41076
41077
41084
41085
41087
41092
41096
41098
41164
41165
41169
41170
41170
41171
41172
41174
41187
41257
41258
41259
41260
41261
41263
41266
41272
41273
41276
41278
41344
41346
41346
41349
41351
41355
41356
41364
41365
41434
41434
41435
41442
41444
41445
41451
41452
41453
41454
41456
41457
41522
41523
41523
41524
41525
41528
41529
41531
41534
41536
41612
41613
41617
41617
41619
41622
41623
41633
41634
41636
41637
41705
41706
41706
41707
41708
41709
41710
41711
41713
41714
41715
41725
41728
41792
41793
41793
41796
41796
41798
41800
41801
41802
41803
41805
41814
41817
41818
41882
41882
41885
41885
41886
41888
41889
41890
41891
41892
41892
41894
41905
41907
41908
41971
41972
41972
41973
41973
41974
41975
41975
41976
41977
41980
41981
41982
41982
41983
42061
42063
42065
42066
42067
42068
42068
42069
42069
42069
42070
42071
42073
42152
42152
42152
42153
42154
42155
42155
42155
42156
42157
42159
42160
42160
42161
42162
42163
42164
42241
42242
42243
42243
42244
42244
42245
42245
42246
42248
42248
42248
42249
42251
42251
42252
42331
42332
42332
42332
42332
42334
42334
42336
42337
42337
42338
42339
42340
42340
42340
42341
42342
42342
42421
42421
42421
42422
42422
42422
42422
42422
42423
42424
42425
42425
42426
42426
42426
42427
42428
42428
42429
42430
42430
42431
42431
42432
42432
42433
42433
42511
42511
42511
42512
42512
42513
42514
42517
42517
42517
42518
42518
42519
42519
42519
42519
42520
42521
42521
42522
42522
42523
42523
42523
42524
42524
42602
42603
42606
42606
42606
42606
42607
42607
42608
42608
42608
42609
42609
42610
42611
42612
42612
42612
42613
42613
42613
42613
42613
42614
42614
42692
42692
42692
42692
42693
42695
42695
42696
42696
42697
42697
42698
42698
42698
42699
42699
42700
42701
42701
42702
42702
42702
42702
42702
42703
42704
42704
42704
42704
42782
42782
42783
42785
42785
42786
42786
42786
42786
42786
42786
42787
42787
42787
42787
42788
42788
42788
42788
42789
42789
42789
42789
42790
42790
42790
42790
42791
42792
42792
42792
42792
42792
42793
42793
42793
42793
42793
42793
42794
42794
42795
42872
42873
42873
42874
42875
42875
42875
42876
42876
42876
42876
42877
42877
42877
42877
42878
42878
42878
42878
42879
42879
42879
42879
42880
42880
42880
42880
42880
42881
42881
42882
42882
42882
42882
42882
42882
42883
42883
42883
42883
42883
42884
42884
42884
42884
42963
42964
42965
42965
42965
42966
42966
42966
42966
42966
42967
42967
42967
42967
42968
42968
42968
42968
42968
42968
42969
42969
42969
42969
42969
42970
42970
42970
42970
42971
42971
42971
42971
42971
42972
42972
42972
42972
42972
42973
42973
42973
42973
42973
42973
42974
43055
43055
43055
43055
43056
43056
43057
43057
43057
43057
43058
43058
43058
43058
43058
43058
43058
43058
43059
43059
43059
43059
43059
43059
43060
43060
43060
43060
43061
43061
43061
43061
43061
43061
43061
43061
43061
43062
43062
43062
43062
43062
43063
43063
43063
43063
43063
43063
43144
43147
43147
43147
43147
43147
43147
43147
43147
43147
43147
43148
43148
43148
43148
43148
43149
43149
43149
43149
43149
43149
43150
43150
43150
43150
43150
43150
43150
43150
43150
43150
43150
43150
43151
43151
43151
43151
43151
43151
43151
43151
43151
43151
43151
43151
43152
43152
43152
43152
43152
43152
43153
43153
43153
43153
43153
43235
43236
43236
43236
43236
43236
43237
43237
43237
43237
43237
43237
43237
43237
43237
43237
43238
43238
43238
43238
43238
43238
43238
43238
43238
43238
43238
43239
43239
43239
43239
43239
43239
43239
43239
43239
43239
43239
43239
43239
43240
43240
43240
43240
43240
43240
43240
43240
43240
43240
43241
43241
43241
43241
43241
43241
43241
43241
43241
43241
43241
43241
43241
43241
43241
43242
43242
43242
43242
43242
43242
43242
43242
43242
43242
43242
43242
43242
43242
43242
43242
43243
43243
43243
43243
43243
43243
43243
43243
43243
43243
43243
43244
43244
43326
43326
43326
43326
43326
43326
43326
43327
43327
43327
43327
43327
43327
43327
43327
43327
43328
43328
43328
43328
43328
43328
43328
43328
43328
43328
43328
43328
43328
43329
43329
43329
43329
43329
43329
43329
43329
43329
43329
43329
43329
43329
43330
43330
43330
43330
43330
43330
43330
43330
43330
43330
43330
43330
43330
43330
43331
43331
43331
43331
43331
43331
43331
43331
43331
43331
43331
43331
43331
43331
43331
43332
43332
43332
43332
43332
43332
43332
43332
43332
43332
43332
43332
43332
43332
43332
43332
43332
43332
43332
43333
43333
43333
43333
43333
43333
43333
43333
43333
43333
43333
43333
43333
43333
43333
43333
43333
43333
43333
43333
43333
43333
43333
43333
43333
43333
43333
43333
43333
43333
43333
43333
43334
43334
43334
43334
43334
43334
43334
43334
43334
43334
43334
43334
43334
43334
43334
43334
43334
43335
43335
43335
43335
43335
43335
43335
43335
43335
43336
43336
43336
43336
43336
43336
43336
43336
43336
43336
43336
43336
43336
43336
43336
43336
43337
43337
43337
43337
43337
43337
43337
43337
43337
43417
43417
43417
43417
43417
43417
43417
43417
43418
43418
43418
43418
43418
43418
43418
43418
43418
43418
43418
43418
43418
43418
43418
43418
43419
43419
43419
43419
43419
43419
43419
43419
43419
43419
43419
43419
43419
43419
43419
43419
43419
43419
43420
43420
43420
43420
43420
43420
43420
43420
43420
43420
43420
43420
43420
43420
43420
43420
43420
43420
43421
43421
43421
43421
43421
43421
43421
43421
43421
43421
43421
43421
43421
43421
43421
43421
43421
43421
43421
43421
43421
43421
43421
43421
43422
43422
43422
43422
43422
43422
43422
43422
43422
43422
43422
43422
43422
43422
43422
43422
43422
43422
43422
43422
43422
43422
43422
43422
43422
43422
43422
43422
43422
43422
43422
43423
43423
43423
43423
43423
43423
43423
43423
43423
43423
43423
43423
43423
43423
43423
43423
43423
43423
43423
43423
43423
43423
43423
43423
43423
43423
43423
43423
43423
43423
43423
43423
43423
43423
43423
43423
43423
43423
43424
43424
43424
43424
43424
43424
43424
43424
43424
43424
43424
43424
43424
43424
43424
43424
43424
43424
43424
43424
43424
43424
43424
43424
43424
43424
43424
43424
43424
43424
43424
43425
43425
43425
43425
43425
43425
43425
43425
43425
43425
43425
43425
43425
43425
43425
43425
43425
43425
43425
43425
43425
43425
43425
43426
43426
43426
43426
43426
43426
43426
43426
43426
43426
43426
43426
43426
43426
43426
43426
43426
43426
43426
43426
43427
43427
43427
43427
43507
43507
43507
43508
43508
43508
43508
43508
43508
43508
43508
43508
43508
43508
43508
43508
43508
43508
43509
43509
43509
43509
43509
43509
43509
43509
43509
43509
43509
43509
43509
43509
43509
43509
43509
43509
43509
43509
43509
43509
43509
43509
43509
43510
43510
43510
43510
43510
43510
43510
43510
43510
43510
43510
43510
43510
43510
43510
43510
43510
43510
43510
43510
43510
43510
43511
43511
43511
43511
43511
43511
43511
43511
43511
43511
43511
43511
43511
43511
43511
43511
43511
43511
43511
43511
43512
43512
43512
43512
43512
43512
43512
43512
43512
43512
43512
43512
43512
43512
43512
43512
43512
43512
43512
43512
43512
43512
43512
43512
43512
43512
43512
43512
43512
43513
43513
43513
43513
43513
43513
43513
43513
43513
43513
43513
43513
43513
43513
43513
43513
43513
43513
43513
43513
43513
43513
43513
43513
43513
43513
43513
43513
43513
43513
43513
43513
43513
43514
43514
43514
43514
43514
43514
43514
43514
43514
43514
43514
43514
43514
43514
43514
43514
43514
43514
43514
43514
43514
43514
43514
43514
43514
43514
43514
43514
43514
43514
43514
43514
43514
43514
43514
43514
43514
43514
43514
43514
43514
43514
43514
43514
43514
43514
43514
43514
43515
43515
43515
43515
43515
43515
43515
43515
43515
43515
43515
43515
43515
43515
43515
43515
43515
43515
43515
43515
43515
43515
43515
43515
43515
43515
43515
43515
43515
43516
43516
43516
43516
43516
43516
43516
43516
43518
43598
43598
43598
43598
43598
43598
43598
43598
43598
43598
43598
43598
43598
43598
43598
43598
43599
43599
43599
43599
43599
43599
43599
43599
43599
43599
43599
43599
43599
43599
43599
43599
43599
43599
43599
43599
43599
43599
43599
43599
43599
43599
43599
43599
43599
43599
43600
43600
43600
43600
43600
43600
43600
43600
43600
43600
43600
43600
43600
43600
43600
43600
43600
43600
43600
43600
43600
43600
43600
43600
43600
43600
43600
43600
43600
43600
43600
43600
43600
43600
43600
43600
43600
43600
43600
43600
43600
43600
43601
43601
43601
43601
43601
43601
43601
43601
43601
43601
43601
43601
43601
43601
43601
43601
43601
43601
43601
43601
43601
43601
43601
43601
43601
43601
43601
43601
43601
43602
43602
43602
43602
43602
43602
43602
43602
43602
43602
43602
43602
43602
43602
43602
43602
43602
43602
43602
43602
43602
43602
43602
43602
43603
43603
43603
43603
43603
43603
43603
43603
43603
43603
43603
43603
43603
43603
43603
43603
43603
43603
43603
43604
43604
43604
43604
43604
43604
43604
43604
43604
43604
43604
43604
43604
43604
43604
43604
43604
43604
43604
43604
43604
43604
43604
43605
43605
43605
43605
43605
43605
43605
43605
43605
43605
43605
43605
43605
43605
43605
43605
43605
43605
43605
43605
43605
43605
43606
43606
43606
43606
43606
43606
43606
43606
43607
43609
43687
43688
43688
43688
43688
43688
43688
43688
43688
43688
43689
43689
43689
43689
43689
43689
43689
43689
43689
43689
43689
43689
43689
43689
43689
43689
43689
43689
43689
43689
43689
43689
43689
43689
43689
43689
43689
43689
43689
43690
43690
43690
43690
43690
43690
43690
43690
43690
43690
43690
43690
43690
43690
43690
43690
43690
43690
43690
43690
43690
43690
43690
43690
43690
43690
43690
43690
43690
43690
43690
43690
43690
43690
43690
43691
43691
43691
43691
43691
43691
43691
43691
43691
43691
43691
43691
43691
43691
43691
43691
43691
43691
43691
43691
43692
43692
43692
43692
43692
43692
43693
43693
43693
43693
43693
43693
43693
43693
43693
43693
43694
43694
43694
43694
43694
43694
43694
43694
43695
43695
43695
43695
43695
43695
43695
43695
43695
43696
43696
43696
43696
43696
43696
43696
43696
43696
43696
43697
43697
43697
43697
43697
43778
43778
43778
43778
43778
43778
43778
43778
43778
43778
43779
43779
43779
43779
43779
43779
43779
43779
43779
43779
43779
43779
43779
43779
43779
43779
43779
43779
43779
43779
43779
43779
43779
43779
43779
43779
43779
43779
43779
43779
43779
43779
43779
43780
43780
43780
43780
43780
43780
43780
43780
43780
43780
43780
43780
43780
43780
43780
43780
43780
43780
43780
43780
43780
43780
43780
43780
43780
43780
43780
43780
43780
43780
43780
43780
43780
43780
43780
43780
43780
43780
43780
43780
43780
43780
43780
43780
43780
43780
43781
43781
43781
43781
43781
43782
43782
43782
43782
43782
43782
43783
43783
43868
43868
43868
43868
43868
43868
43868
43868
43868
43868
43868
43869
43869
43869
43869
43869
43869
43869
43869
43869
43869
43869
43869
43869
43869
43869
43869
43869
43869
43869
43869
43869
43869
43869
43869
43869
43869
43869
43869
43869
43869
43869
43870
43870
43870
43870
43870
43870
43870
43870
43870
43870
43870
43870
43870
43870
43870
43870
43870
43870
43870
43870
43870
43870
43870
43870
43870
43870
43870
43870
43870
43870
43870
43870
43870
43870
43870
43870
43870
43870
43870
43870
43870
43870
43871
43871
43871
43871
43871
43871
43871
43871
43872
43872
43872
43873
43958
43958
43959
43959
43959
43959
43959
43959
43960
43960
43960
43960
43960
43960
43960
43960
43960
43960
43962
43962
44233
44322
44322
44413
44413
44947
45036
45036
45037
45037
45037
45037
45038
45126
45126
45127
45127
45127
45216
45216
45216
45217
45217
45306
45306
45306
45307
45392
45393
45394
45394
45395
45395
45396
45396
45397
45482
45483
45484
45485
45485
45486
45572
45572
45573
45574
45574
45575
45576
45661
45663
45664
45664
45665
45665
45749
45750
45752
45753
45754
45754
45760
45838
45840
45841
45843
45844
45849
45850
45851
45929
45932
45934
45939
45940
45941
46018
46019
46020
46020
46022
46023
46031
46107
46109
46110
46112
46112
46119
46200
46209
46211
46291
46298
46299
46300
46379
46379
46380
46388
46391
46480
46481
46555
46556
46558
46560
46567
46568
46569
46644
46649
46747
46748
46750
46825
46831
46839
46927
46930
46932
47003
47016
47018
47094
47110
47112
47182
47184
47186
47197
47198
47271
47362
47375
47382
47454
47467
47469
47541
47556
47652
47722
47733
47738
47901
47916
48006
48007
48080
48090
48094
48181
48189
48261
48273
48275
48277
48348
48365
48367
48536
48551
48628
48630
48730
48818
48906
48907
48991
48992
48993
48995
48999
49084
49086
49088
49090
49171
49177
49178
49182
49263
49353
49355
49358
49360
49530
49540
49712
49715
49979
50066
50069
50166
50343
51412
51421
51598
64483
65018
65024
65106
65108
65111
65116
65119
65119
65125
65201
65204
65296
65302
65376
65392
65392
65397
65469
65479
65484
65492
65569
65579
65656
65741
65744
65749
65914
65917
65922
65926
65926
65929
65931
65943
66023
66031
66095
66116
66118
66123
66194
66199
66201
66203
66208
66280
66291
66293
66295
66300
66300
66302
66305
66374
66381
66385
66387
66453
66473
66475
66477
66484
66558
66563
66565
66574
66642
66644
66646
66650
66655
66657
66657
66659
66659
66724
66728
66738
66742
66822
66834
66839
66843
66902
66902
66904
66906
66906
66908
66914
66926
66994
67002
67006
67010
67102
67104
67285
67291
67351
67353
67441
67442
67443
67458
67461
67543
67543
67633
67634
67636
67646
67724
67724
67726
67728
67728
67733
67740
67742
67819
67824
67828
67831
67911
67912
67916
67999
68005
68011
68094
68173
68179
68185
68187
68190
68252
68252
68267
68276
68279
68343
68355
68360
68362
68363
68371
68371
68432
68433
68447
68456
68456
68460
68522
68533
68535
68540
68550
68612
68612
68614
68614
68631
68634
68701
68701
68701
68703
68719
68729
68731
68731
68793
68808
68810
68812
68812
68813
68815
68819
68820
68881
68882
68884
68895
68896
68897
68898
68898
68899
68910
68971
68971
68972
68984
68985
68989
68989
68991
68991
68992
68993
68994
68999
69062
69063
69074
69076
69077
69078
69080
69083
69084
69089
69090
69090
69152
69153
69167
69168
69168
69169
69169
69170
69171
69179
69180
69180
69180
69241
69241
69241
69241
69242
69254
69255
69256
69257
69257
69258
69259
69260
69262
69269
69271
69271
69271
69332
69348
69350
69351
69353
69358
69359
69360
69360
69421
69421
69421
69421
69421
69434
69435
69436
69437
69438
69439
69442
69450
69510
69510
69510
69511
69511
69512
69524
69525
69526
69527
69529
69532
69533
69539
69601
69601
69616
69617
69618
69618
69619
69619
69620
69621
69625
69629
69690
69690
69690
69690
69690
69691
69704
69705
69706
69706
69707
69707
69709
69710
69712
69712
69713
69716
69718
69780
69780
69780
69780
69780
69794
69794
69795
69795
69797
69797
69797
69798
69798
69798
69799
69800
69800
69801
69801
69802
69803
69803
69870
69884
69885
69886
69886
69886
69887
69887
69887
69887
69888
69888
69888
69889
69889
69890
69891
69891
69891
69893
69894
69895
69897
69898
69898
69960
69960
69960
69960
69960
69961
69974
69975
69975
69976
69976
69977
69977
69977
69977
69978
69978
69979
69979
69979
69980
69980
69980
69980
69980
69981
69981
69982
69983
69985
69986
69986
69989
70050
70050
70050
70050
70050
70051
70051
70051
70052
70052
70063
70064
70064
70064
70064
70064
70065
70065
70066
70066
70066
70066
70066
70066
70067
70067
70067
70067
70067
70068
70068
70069
70069
70069
70069
70069
70069
70070
70070
70070
70071
70072
70072
70073
70073
70074
70075
70075
70077
70078
70140
70140
70140
70141
70153
70153
70154
70154
70154
70154
70155
70155
70155
70156
70156
70156
70156
70156
70157
70157
70158
70158
70158
70158
70158
70159
70159
70159
70159
70160
70161
70161
70162
70163
70164
70165
70165
70165
70166
70166
70230
70230
70231
70244
70244
70244
70244
70244
70245
70245
70245
70246
70246
70246
70246
70246
70247
70247
70247
70247
70248
70248
70248
70248
70248
70248
70249
70249
70249
70249
70250
70250
70250
70250
70250
70250
70250
70250
70250
70250
70250
70251
70251
70251
70252
70252
70253
70253
70253
70254
70255
70255
70256
70256
70257
70258
70320
70320
70320
70320
70320
70321
70321
70321
70330
70334
70334
70335
70335
70335
70335
70336
70336
70336
70336
70336
70336
70337
70337
70337
70338
70338
70338
70338
70338
70338
70338
70339
70339
70339
70339
70339
70340
70340
70340
70341
70341
70343
70344
70344
70346
70346
70346
70347
70347
70348
70348
70410
70410
70410
70410
70411
70411
70411
70421
70425
70425
70425
70425
70425
70425
70425
70425
70425
70426
70426
70426
70426
70426
70426
70426
70426
70426
70427
70427
70427
70427
70427
70427
70427
70427
70427
70427
70428
70428
70428
70428
70428
70429
70429
70429
70429
70429
70429
70430
70430
70430
70430
70430
70430
70431
70431
70431
70431
70431
70432
70432
70432
70432
70433
70433
70434
70434
70434
70434
70435
70435
70436
70436
70437
70437
70437
70438
70500
70500
70500
70500
70501
70501
70501
70501
70501
70506
70510
70510
70511
70511
70513
70513
70515
70515
70515
70515
70515
70515
70515
70515
70515
70515
70516
70516
70516
70516
70516
70516
70516
70516
70516
70516
70517
70517
70517
70517
70517
70517
70517
70517
70517
70518
70518
70518
70518
70518
70518
70518
70518
70518
70519
70519
70519
70519
70519
70519
70520
70520
70520
70520
70520
70521
70521
70521
70521
70521
70521
70522
70522
70523
70523
70523
70524
70524
70524
70525
70525
70525
70525
70526
70526
70527
70527
70528
70528
70529
70590
70590
70590
70590
70591
70591
70591
70591
70591
70595
70595
70600
70601
70601
70601
70601
70601
70604
70604
70604
70605
70605
70605
70605
70605
70605
70605
70605
70606
70606
70606
70606
70606
70606
70606
70606
70606
70606
70607
70607
70607
70607
70607
70607
70607
70607
70607
70607
70608
70608
70608
70608
70608
70608
70608
70608
70608
70608
70608
70609
70609
70609
70609
70609
70609
70609
70609
70609
70609
70610
70610
70610
70611
70611
70611
70611
70612
70612
70612
70612
70613
70613
70614
70614
70614
70614
70615
70616
70616
70616
70616
70617
70617
70617
70617
70618
70618
70619
70680
70681
70681
70681
70681
70681
70682
70682
70682
70682
70691
70691
70691
70692
70694
70694
70695
70695
70695
70695
70695
70695
70695
70695
70695
70695
70695
70695
70695
70696
70696
70696
70696
70696
70696
70696
70696
70696
70696
70696
70697
70697
70697
70697
70697
70697
70697
70697
70697
70697
70697
70697
70697
70697
70698
70698
70698
70698
70698
70698
70698
70698
70698
70698
70698
70698
70699
70699
70699
70699
70699
70699
70699
70699
70699
70699
70699
70700
70700
70700
70700
70700
70700
70701
70701
70701
70701
70701
70702
70702
70702
70702
70702
70702
70703
70703
70703
70703
70704
70704
70704
70704
70704
70704
70704
70704
70704
70704
70705
70705
70705
70706
70706
70706
70707
70707
70707
70708
70708
70708
70708
70708
70709
70772
70772
70772
70773
70773
70774
70775
70776
70776
70781
70781
70782
70783
70784
70784
70784
70784
70784
70784
70785
70785
70785
70785
70785
70785
70785
70785
70785
70785
70785
70785
70785
70786
70786
70786
70786
70786
70786
70786
70786
70786
70786
70786
70786
70786
70786
70786
70786
70786
70786
70787
70787
70787
70787
70787
70787
70787
70787
70787
70787
70787
70787
70787
70787
70787
70788
70788
70788
70788
70788
70788
70788
70788
70788
70788
70788
70788
70789
70789
70789
70789
70789
70789
70789
70789
70789
70790
70790
70790
70790
70790
70790
70790
70791
70791
70791
70791
70791
70791
70792
70792
70792
70792
70792
70792
70792
70792
70793
70793
70793
70794
70794
70794
70794
70794
70794
70795
70795
70796
70796
70796
70797
70797
70797
70798
70798
70798
70799
70862
70862
70862
70862
70862
70862
70863
70863
70864
70864
70864
70864
70865
70866
70870
70870
70872
70872
70872
70872
70872
70873
70874
70874
70874
70874
70874
70874
70874
70874
70874
70874
70875
70875
70875
70875
70875
70875
70875
70875
70875
70875
70875
70875
70875
70875
70875
70875
70875
70876
70876
70876
70876
70876
70876
70876
70876
70876
70876
70876
70876
70876
70876
70876
70876
70876
70876
70876
70876
70876
70876
70876
70876
70876
70877
70877
70877
70877
70877
70877
70877
70877
70877
70877
70877
70877
70877
70877
70877
70878
70878
70878
70878
70878
70878
70878
70878
70878
70878
70878
70878
70878
70878
70878
70878
70878
70878
70878
70878
70879
70879
70879
70879
70879
70879
70879
70879
70879
70879
70879
70879
70880
70880
70880
70880
70880
70880
70880
70880
70881
70881
70881
70881
70881
70881
70881
70881
70882
70882
70882
70882
70882
70882
70883
70883
70883
70883
70883
70884
70884
70884
70884
70884
70885
70885
70885
70885
70885
70886
70886
70886
70887
70887
70887
70888
70888
70888
70888
70888
70888
70952
70952
70952
70952
70952
70952
70952
70953
70953
70953
70953
70954
70954
70954
70954
70954
70954
70954
70954
70954
70955
70955
70956
70956
70957
70957
70957
70962
70962
70962
70962
70962
70962
70962
70962
70963
70963
70963
70963
70963
70963
70963
70963
70964
70964
70964
70964
70964
70964
70964
70964
70964
70964
70965
70965
70965
70965
70965
70965
70965
70965
70965
70965
70965
70965
70965
70965
70965
70965
70965
70965
70965
70965
70965
70965
70965
70966
70966
70966
70966
70966
70966
70966
70966
70966
70966
70966
70966
70966
70966
70966
70966
70966
70966
70966
70966
70966
70966
70966
70966
70966
70966
70966
70966
70967
70967
70967
70967
70967
70967
70967
70967
70967
70967
70967
70967
70967
70967
70967
70967
70967
70967
70967
70967
70967
70967
70967
70967
70967
70967
70967
70967
70967
70967
70967
70967
70968
70968
70968
70968
70968
70968
70968
70968
70968
70968
70968
70968
70968
70968
70968
70968
70968
70968
70968
70968
70968
70968
70968
70968
70968
70969
70969
70969
70969
70969
70969
70969
70969
70969
70969
70970
70970
70970
70970
70970
70970
70970
70970
70970
70970
70971
70971
70971
70971
70971
70971
70971
70971
70971
70971
70971
70971
70971
70971
70972
70972
70972
70972
70972
70972
70972
70972
70973
70973
70973
70973
70973
70973
70973
70974
70974
70974
70974
70974
70974
70974
70975
70975
70975
70975
70975
70975
70975
70975
70976
70976
70976
70977
70977
70977
70978
70978
70978
70978
71042
71042
71042
71042
71042
71043
71043
71043
71043
71044
71044
71044
71044
71044
71044
71044
71044
71044
71044
71044
71044
71045
71045
71045
71045
71045
71046
71046
71046
71046
71046
71046
71046
71046
71047
71047
71052
71052
71052
71053
71053
71053
71053
71053
71053
71053
71053
71053
71053
71053
71053
71053
71053
71053
71053
71054
71054
71054
71054
71054
71054
71054
71054
71054
71054
71054
71054
71054
71054
71054
71054
71054
71054
71054
71054
71055
71055
71055
71055
71055
71055
71055
71055
71055
71055
71055
71055
71055
71055
71055
71055
71055
71055
71055
71055
71055
71055
71055
71055
71055
71055
71055
71055
71055
71055
71055
71055
71055
71055
71056
71056
71056
71056
71056
71056
71056
71056
71056
71056
71056
71056
71056
71056
71056
71056
71056
71056
71056
71056
71056
71056
71056
71056
71056
71056
71056
71056
71056
71056
71056
71056
71056
71056
71056
71056
71056
71056
71056
71056
71056
71056
71056
71056
71056
71056
71056
71057
71057
71057
71057
71057
71057
71057
71057
71057
71057
71057
71057
71057
71057
71057
71057
71057
71057
71057
71057
71057
71057
71057
71057
71057
71057
71057
71057
71057
71057
71057
71057
71057
71057
71057
71057
71057
71057
71057
71057
71058
71058
71058
71058
71058
71058
71058
71058
71058
71058
71058
71058
71058
71058
71058
71058
71058
71058
71058
71058
71058
71058
71058
71058
71058
71058
71058
71058
71059
71059
71059
71059
71059
71059
71059
71059
71059
71059
71059
71059
71059
71059
71059
71059
71060
71060
71060
71060
71060
71060
71060
71060
71060
71060
71060
71060
71060
71060
71060
71060
71060
71061
71061
71061
71061
71061
71061
71061
71061
71061
71061
71061
71061
71061
71062
71062
71062
71062
71062
71062
71062
71062
71062
71062
71063
71063
71063
71063
71063
71063
71063
71063
71063
71063
71064
71064
71064
71064
71064
71064
71064
71064
71064
71064
71065
71065
71065
71065
71065
71065
71065
71065
71066
71066
71066
71066
71066
71066
71066
71066
71066
71066
71067
71067
71067
71067
71068
71068
71068
71069
71132
71132
71132
71132
71132
71132
71133
71133
71133
71133
71133
71133
71133
71133
71133
71134
71134
71134
71134
71134
71134
71134
71134
71134
71134
71135
71135
71135
71135
71135
71135
71135
71135
71135
71136
71136
71136
71136
71136
71137
71137
71144
71144
71144
71144
71144
71144
71144
71144
71144
71144
71144
71144
71145
71145
71145
71145
71145
71145
71145
71145
71145
71145
71145
71145
71145
71145
71145
71145
71145
71145
71145
71145
71145
71145
71145
71145
71145
71145
71145
71145
71145
71145
71145
71145
71145
71145
71145
71145
71146
71146
71146
71146
71146
71146
71146
71146
71146
71146
71146
71146
71146
71146
71146
71146
71146
71146
71146
71146
71146
71146
71146
71146
71146
71146
71146
71146
71146
71146
71146
71146
71146
71146
71146
71146
71146
71146
71146
71146
71146
71146
71146
71146
71146
71147
71147
71147
71147
71147
71147
71147
71147
71147
71147
71147
71147
71147
71147
71147
71147
71147
71147
71147
71147
71147
71147
71147
71147
71147
71147
71147
71147
71147
71147
71147
71147
71147
71147
71147
71147
71147
71147
71147
71147
71147
71147
71147
71148
71148
71148
71148
71148
71148
71148
71148
71148
71148
71148
71148
71148
71148
71148
71148
71148
71148
71148
71148
71148
71148
71148
71148
71148
71148
71148
71148
71148
71148
71148
71148
71148
71149
71149
71149
71149
71149
71149
71149
71149
71149
71149
71149
71149
71149
71149
71149
71149
71149
71149
71149
71149
71149
71149
71150
71150
71150
71150
71150
71150
71150
71150
71150
71150
71150
71150
71150
71150
71150
71150
71150
71150
71150
71150
71150
71151
71151
71151
71151
71151
71151
71151
71151
71151
71151
71151
71151
71151
71151
71151
71152
71152
71152
71152
71152
71152
71152
71152
71152
71152
71152
71153
71153
71153
71153
71153
71153
71153
71153
71153
71153
71153
71153
71154
71154
71154
71154
71154
71154
71154
71154
71155
71155
71155
71155
71155
71155
71156
71156
71156
71156
71156
71156
71156
71156
71157
71157
71157
71157
71157
71157
71158
71158
71158
71158
71158
71158
71222
71222
71222
71222
71222
71222
71223
71223
71223
71223
71223
71223
71223
71223
71223
71223
71223
71223
71223
71223
71224
71224
71224
71224
71224
71224
71224
71224
71224
71225
71225
71225
71225
71225
71225
71226
71226
71226
71226
71226
71226
71226
71226
71226
71227
71227
71227
71227
71227
71227
71232
71234
71234
71234
71234
71234
71234
71234
71235
71235
71235
71235
71235
71235
71235
71235
71235
71235
71235
71235
71235
71235
71235
71235
71235
71235
71235
71235
71235
71235
71235
71235
71235
71235
71235
71235
71235
71235
71235
71235
71235
71235
71235
71235
71235
71235
71235
71235
71235
71235
71235
71235
71235
71236
71236
71236
71236
71236
71236
71236
71236
71236
71236
71236
71236
71236
71236
71236
71236
71236
71236
71236
71236
71236
71236
71236
71236
71236
71236
71236
71236
71236
71236
71236
71236
71236
71236
71236
71236
71236
71236
71236
71236
71236
71236
71236
71236
71236
71236
71237
71237
71237
71237
71237
71237
71237
71237
71237
71237
71237
71237
71237
71237
71237
71237
71237
71237
71237
71237
71237
71237
71237
71237
71237
71237
71237
71237
71237
71237
71237
71237
71237
71237
71237
71237
71237
71237
71237
71237
71237
71237
71237
71237
71237
71237
71237
71237
71237
71237
71237
71237
71237
71237
71237
71237
71237
71237
71237
71237
71237
71238
71238
71238
71238
71238
71238
71238
71238
71238
71238
71238
71238
71238
71238
71238
71238
71238
71238
71238
71238
71238
71238
71238
71238
71238
71238
71238
71238
71238
71238
71238
71238
71238
71238
71238
71238
71238
71238
71239
71239
71239
71239
71239
71239
71239
71239
71239
71239
71239
71239
71239
71239
71239
71239
71239
71239
71239
71239
71239
71239
71239
71239
71239
71239
71239
71239
71239
71239
71239
71239
71239
71239
71239
71239
71239
71240
71240
71240
71240
71240
71240
71240
71240
71240
71240
71240
71240
71240
71240
71240
71240
71240
71240
71240
71240
71240
71240
71240
71241
71241
71241
71241
71241
71241
71241
71241
71241
71241
71241
71241
71241
71241
71241
71241
71241
71241
71241
71241
71241
71241
71242
71242
71242
71242
71242
71242
71242
71242
71242
71242
71242
71242
71242
71242
71242
71242
71243
71243
71243
71243
71243
71243
71243
71243
71243
71243
71243
71243
71243
71243
71244
71244
71244
71244
71244
71244
71244
71244
71245
71245
71245
71245
71245
71245
71245
71245
71245
71246
71246
71246
71246
71246
71246
71246
71246
71246
71247
71247
71247
71247
71247
71247
71247
71247
71247
71247
71247
71248
71248
71248
71312
71312
71313
71313
71313
71313
71313
71313
71313
71313
71313
71313
71314
71314
71314
71314
71314
71314
71314
71314
71314
71315
71315
71315
71315
71315
71315
71315
71316
71316
71316
71316
71316
71316
71316
71316
71316
71317
71317
71317
71317
71317
71317
71317
71317
71317
71317
71317
71318
71318
71318
71318
71322
71323
71323
71323
71324
71324
71324
71324
71324
71324
71324
71324
71324
71324
71324
71324
71324
71324
71324
71324
71324
71324
71324
71324
71325
71325
71325
71325
71325
71325
71325
71325
71325
71325
71325
71325
71325
71325
71325
71325
71325
71325
71325
71325
71325
71325
71325
71325
71325
71325
71325
71325
71325
71325
71325
71325
71325
71325
71325
71325
71325
71325
71325
71325
71325
71325
71325
71325
71325
71325
71325
71325
71325
71325
71325
71325
71325
71325
71326
71326
71326
71326
71326
71326
71326
71326
71326
71326
71326
71326
71326
71326
71326
71326
71326
71326
71326
71326
71326
71326
71326
71326
71326
71326
71326
71326
71326
71326
71326
71326
71326
71326
71326
71326
71326
71326
71326
71326
71326
71326
71326
71326
71326
71326
71326
71326
71326
71326
71326
71326
71326
71326
71326
71326
71326
71326
71326
71326
71326
71326
71326
71326
71326
71326
71326
71326
71326
71326
71326
71326
71326
71326
71326
71326
71326
71326
71326
71326
71326
71327
71327
71327
71327
71327
71327
71327
71327
71327
71327
71327
71327
71327
71327
71327
71327
71327
71327
71327
71327
71327
71327
71327
71327
71327
71327
71327
71327
71327
71327
71327
71327
71327
71327
71327
71327
71327
71327
71327
71327
71327
71327
71327
71327
71327
71327
71327
71327
71327
71327
71327
71327
71327
71327
71327
71327
71327
71327
71327
71327
71327
71327
71327
71327
71327
71327
71327
71327
71327
71327
71327
71327
71327
71327
71327
71327
71327
71327
71328
71328
71328
71328
71328
71328
71328
71328
71328
71328
71328
71328
71328
71328
71328
71328
71328
71328
71328
71328
71328
71328
71328
71328
71328
71328
71328
71328
71328
71328
71328
71328
71328
71328
71328
71328
71328
71328
71328
71328
71328
71328
71328
71328
71328
71329
71329
71329
71329
71329
71329
71329
71329
71329
71329
71329
71329
71329
71329
71329
71329
71329
71329
71329
71329
71329
71329
71329
71329
71329
71329
71329
71329
71329
71329
71329
71329
71329
71329
71329
71329
71329
71329
71329
71329
71329
71329
71329
71329
71329
71329
71329
71329
71329
71329
71329
71330
71330
71330
71330
71330
71330
71330
71330
71330
71330
71330
71330
71330
71330
71330
71330
71330
71330
71330
71330
71330
71330
71330
71330
71330
71330
71330
71330
71330
71331
71331
71331
71331
71331
71331
71331
71331
71331
71331
71331
71331
71331
71331
71331
71331
71331
71331
71331
71331
71331
71331
71331
71331
71331
71332
71332
71332
71332
71332
71332
71332
71332
71332
71332
71332
71332
71332
71332
71332
71332
71332
71332
71332
71332
71332
71332
71333
71333
71333
71333
71333
71333
71333
71333
71333
71333
71333
71333
71333
71333
71333
71333
71334
71334
71334
71334
71334
71334
71334
71334
71334
71335
71335
71335
71335
71335
71335
71335
71336
71336
71336
71336
71336
71336
71336
71336
71336
71336
71336
71337
71337
71402
71403
71403
71403
71403
71403
71403
71403
71403
71403
71403
71403
71403
71403
71403
71404
71404
71404
71404
71404
71404
71404
71404
71404
71404
71405
71405
71405
71405
71405
71405
71405
71405
71405
71405
71405
71405
71406
71406
71406
71406
71406
71406
71406
71406
71406
71406
71406
71406
71406
71406
71406
71407
71407
71407
71407
71407
71407
71407
71407
71407
71407
71407
71408
71408
71408
71408
71408
71408
71408
71408
71412
71412
71412
71412
71412
71412
71412
71412
71412
71412
71412
71412
71412
71412
71412
71412
71413
71413
71413
71413
71413
71413
71413
71413
71413
71413
71413
71413
71413
71413
71413
71413
71413
71413
71413
71413
71413
71413
71413
71413
71413
71413
71413
71413
71413
71413
71413
71413
71413
71413
71414
71414
71414
71414
71414
71414
71414
71414
71414
71414
71414
71414
71414
71414
71414
71414
71414
71414
71414
71414
71414
71414
71414
71414
71414
71414
71414
71414
71414
71414
71414
71414
71414
71414
71414
71414
71414
71414
71414
71414
71414
71414
71414
71414
71414
71414
71414
71414
71414
71414
71414
71414
71414
71414
71414
71414
71414
71414
71414
71414
71414
71414
71414
71414
71414
71414
71414
71414
71414
71414
71414
71414
71414
71414
71414
71414
71414
71414
71414
71415
71415
71415
71415
71415
71415
71415
71415
71415
71415
71415
71415
71415
71415
71415
71415
71415
71415
71415
71415
71415
71415
71415
71415
71415
71415
71415
71415
71415
71415
71415
71415
71415
71415
71415
71415
71415
71415
71415
71415
71415
71415
71415
71415
71415
71415
71415
71415
71415
71415
71415
71415
71415
71415
71415
71415
71415
71415
71415
71415
71415
71415
71415
71415
71415
71415
71415
71415
71415
71415
71415
71415
71415
71415
71415
71415
71415
71415
71415
71415
71415
71415
71415
71415
71415
71415
71415
71415
71415
71415
71415
71415
71415
71415
71415
71415
71416
71416
71416
71416
71416
71416
71416
71416
71416
71416
71416
71416
71416
71416
71416
71416
71416
71416
71416
71416
71416
71416
71416
71416
71416
71416
71416
71416
71416
71416
71416
71416
71416
71416
71416
71416
71416
71416
71416
71416
71416
71416
71416
71416
71416
71416
71416
71416
71416
71416
71416
71416
71416
71416
71416
71416
71416
71416
71416
71416
71416
71416
71416
71416
71416
71416
71416
71416
71416
71416
71416
71416
71416
71416
71416
71416
71416
71416
71416
71416
71416
71416
71416
71416
71416
71416
71416
71416
71416
71416
71416
71416
71416
71416
71416
71416
71416
71416
71416
71416
71416
71416
71416
71416
71416
71416
71416
71416
71416
71416
71416
71416
71416
71416
71416
71416
71416
71416
71416
71416
71416
71416
71416
71416
71416
71416
71416
71416
71416
71416
71416
71416
71416
71416
71416
71416
71416
71416
71416
71416
71416
71416
71416
71416
71416
71416
71416
71416
71416
71416
71416
71416
71416
71416
71416
71416
71416
71416
71417
71417
71417
71417
71417
71417
71417
71417
71417
71417
71417
71417
71417
71417
71417
71417
71417
71417
71417
71417
71417
71417
71417
71417
71417
71417
71417
71417
71417
71417
71417
71417
71417
71417
71417
71417
71417
71417
71417
71417
71417
71417
71417
71417
71417
71417
71417
71417
71417
71417
71417
71417
71417
71417
71417
71417
71417
71417
71417
71417
71417
71417
71417
71417
71417
71417
71417
71417
71417
71417
71417
71417
71417
71417
71417
71417
71417
71417
71417
71417
71417
71417
71417
71417
71417
71417
71417
71417
71417
71417
71417
71417
71417
71417
71417
71417
71417
71417
71417
71417
71417
71417
71417
71417
71417
71417
71417
71417
71417
71417
71417
71418
71418
71418
71418
71418
71418
71418
71418
71418
71418
71418
71418
71418
71418
71418
71418
71418
71418
71418
71418
71418
71418
71418
71418
71418
71418
71418
71418
71418
71418
71418
71418
71418
71418
71418
71418
71418
71418
71418
71418
71418
71418
71418
71418
71418
71418
71418
71418
71418
71418
71418
71418
71418
71418
71418
71418
71418
71418
71418
71418
71418
71418
71418
71418
71418
71418
71418
71418
71418
71418
71418
71418
71418
71418
71418
71418
71418
71418
71418
71418
71419
71419
71419
71419
71419
71419
71419
71419
71419
71419
71419
71419
71419
71419
71419
71419
71419
71419
71419
71419
71419
71419
71419
71419
71419
71419
71419
71419
71419
71419
71419
71419
71419
71419
71419
71419
71419
71419
71419
71419
71419
71419
71419
71419
71419
71420
71420
71420
71420
71420
71420
71420
71420
71420
71420
71420
71420
71420
71420
71420
71420
71420
71420
71420
71420
71420
71420
71420
71420
71420
71420
71420
71420
71420
71420
71420
71420
71420
71420
71420
71420
71420
71420
71420
71420
71420
71420
71421
71421
71421
71421
71421
71421
71421
71421
71421
71421
71421
71421
71421
71421
71421
71421
71421
71421
71421
71421
71421
71421
71421
71421
71421
71421
71421
71421
71421
71421
71421
71421
71421
71422
71422
71422
71422
71422
71422
71422
71422
71422
71422
71422
71422
71422
71422
71422
71422
71422
71422
71422
71422
71422
71422
71422
71422
71422
71422
71423
71423
71423
71423
71423
71423
71423
71423
71423
71423
71423
71423
71423
71423
71423
71423
71424
71424
71424
71424
71424
71424
71424
71424
71424
71424
71424
71424
71424
71424
71424
71424
71424
71424
71424
71424
71424
71425
71425
71425
71425
71425
71425
71425
71425
71426
71426
71426
71426
71426
71426
71426
71427
71427
71427
71427
71427
71427
71427
71427
71427
71427
71493
71493
71493
71493
71493
71493
71493
71493
71493
71493
71493
71493
71493
71494
71494
71494
71494
71494
71494
71494
71494
71494
71494
71494
71494
71494
71495
71495
71495
71495
71495
71495
71495
71495
71495
71495
71495
71495
71496
71496
71496
71496
71496
71496
71496
71496
71496
71496
71496
71496
71496
71496
71496
71496
71496
71497
71497
71497
71497
71497
71497
71497
71497
71497
71497
71497
71497
71497
71497
71498
71498
71498
71498
71498
71498
71498
71498
71498
71498
71498
71498
71498
71498
71498
71501
71501
71501
71501
71501
71501
71501
71501
71501
71501
71501
71501
71501
71501
71501
71501
71501
71501
71501
71501
71501
71501
71501
71501
71501
71501
71501
71502
71502
71502
71502
71502
71502
71502
71502
71502
71502
71502
71502
71502
71502
71502
71502
71502
71502
71502
71502
71502
71502
71502
71502
71502
71502
71502
71502
71502
71502
71502
71502
71502
71502
71502
71502
71502
71502
71502
71502
71502
71502
71502
71502
71502
71502
71502
71502
71502
71502
71502
71502
71502
71502
71502
71502
71502
71502
71502
71502
71502
71502
71502
71503
71503
71503
71503
71503
71503
71503
71503
71503
71503
71503
71503
71503
71503
71503
71503
71503
71503
71503
71503
71503
71503
71503
71503
71503
71503
71503
71503
71503
71503
71503
71503
71503
71503
71503
71503
71503
71503
71503
71503
71503
71503
71503
71503
71503
71503
71503
71503
71503
71503
71503
71503
71503
71503
71503
71503
71503
71503
71503
71503
71503
71503
71503
71503
71503
71503
71503
71504
71504
71504
71504
71504
71504
71504
71504
71504
71504
71504
71504
71504
71504
71504
71504
71504
71504
71504
71504
71504
71504
71504
71504
71504
71504
71504
71504
71504
71504
71504
71504
71504
71504
71504
71504
71504
71504
71504
71504
71504
71504
71504
71504
71504
71504
71504
71504
71504
71504
71504
71504
71504
71504
71504
71504
71504
71504
71504
71504
71504
71504
71504
71504
71504
71504
71504
71504
71504
71504
71504
71504
71504
71504
71504
71504
71504
71504
71504
71504
71504
71504
71504
71504
71504
71504
71504
71504
71504
71504
71504
71504
71504
71504
71504
71504
71504
71504
71504
71504
71504
71504
71504
71504
71504
71504
71504
71504
71504
71504
71504
71504
71504
71504
71504
71504
71504
71504
71504
71504
71504
71504
71504
71504
71504
71504
71504
71504
71505
71505
71505
71505
71505
71505
71505
71505
71505
71505
71505
71505
71505
71505
71505
71505
71505
71505
71505
71505
71505
71505
71505
71505
71505
71505
71505
71505
71505
71505
71505
71505
71505
71505
71505
71505
71505
71505
71505
71505
71505
71505
71505
71505
71505
71505
71505
71505
71505
71505
71505
71505
71505
71505
71505
71505
71505
71505
71505
71505
71505
71505
71505
71505
71505
71505
71505
71505
71505
71505
71505
71505
71505
71505
71505
71505
71505
71505
71505
71505
71505
71505
71505
71505
71505
71505
71505
71505
71505
71505
71505
71505
71505
71505
71505
71505
71505
71505
71505
71505
71505
71505
71505
71505
71505
71505
71505
71505
71505
71505
71505
71505
71505
71505
71505
71505
71505
71505
71505
71505
71505
71505
71505
71505
71505
71505
71505
71505
71505
71505
71505
71505
71505
71505
71505
71505
71505
71505
71505
71505
71505
71505
71505
71505
71505
71505
71505
71505
71505
71505
71506
71506
71506
71506
71506
71506
71506
71506
71506
71506
71506
71506
71506
71506
71506
71506
71506
71506
71506
71506
71506
71506
71506
71506
71506
71506
71506
71506
71506
71506
71506
71506
71506
71506
71506
71506
71506
71506
71506
71506
71506
71506
71506
71506
71506
71506
71506
71506
71506
71506
71506
71506
71506
71506
71506
71506
71506
71506
71506
71506
71506
71506
71506
71506
71506
71506
71506
71506
71506
71506
71506
71506
71506
71506
71506
71506
71506
71506
71506
71506
71506
71506
71506
71506
71506
71506
71506
71506
71506
71506
71506
71506
71506
71506
71506
71506
71506
71506
71506
71506
71506
71506
71506
71506
71506
71506
71506
71506
71506
71506
71506
71506
71506
71506
71506
71506
71506
71506
71506
71506
71506
71506
71506
71506
71506
71506
71506
71506
71506
71506
71506
71506
71506
71506
71506
71506
71506
71506
71506
71506
71506
71506
71506
71506
71506
71506
71506
71506
71506
71506
71506
71506
71506
71506
71506
71506
71506
71506
71506
71506
71506
71506
71506
71506
71506
71506
71506
71506
71506
71506
71506
71506
71506
71506
71506
71506
71506
71506
71506
71506
71506
71506
71506
71506
71506
71506
71506
71506
71506
71506
71506
71506
71506
71506
71506
71506
71506
71506
71506
71506
71506
71506
71506
71506
71506
71506
71506
71506
71506
71506
71506
71506
71506
71506
71506
71506
71506
71506
71506
71506
71507
71507
71507
71507
71507
71507
71507
71507
71507
71507
71507
71507
71507
71507
71507
71507
71507
71507
71507
71507
71507
71507
71507
71507
71507
71507
71507
71507
71507
71507
71507
71507
71507
71507
71507
71507
71507
71507
71507
71507
71507
71507
71507
71507
71507
71507
71507
71507
71507
71507
71507
71507
71507
71507
71507
71507
71507
71507
71507
71507
71507
71507
71507
71507
71507
71507
71507
71507
71507
71507
71507
71507
71507
71507
71507
71507
71507
71507
71507
71507
71507
71507
71507
71507
71507
71507
71507
71507
71507
71507
71507
71507
71507
71507
71507
71507
71507
71507
71507
71507
71507
71507
71507
71507
71507
71507
71507
71507
71507
71507
71507
71507
71507
71507
71507
71507
71507
71507
71507
71507
71507
71507
71507
71507
71507
71507
71507
71507
71507
71507
71507
71507
71507
71507
71507
71507
71507
71507
71507
71507
71507
71507
71507
71507
71507
71507
71507
71507
71507
71507
71507
71507
71507
71507
71507
71507
71507
71507
71507
71507
71507
71507
71507
71507
71507
71507
71507
71507
71507
71507
71507
71507
71507
71507
71507
71507
71507
71507
71507
71507
71507
71507
71507
71508
71508
71508
71508
71508
71508
71508
71508
71508
71508
71508
71508
71508
71508
71508
71508
71508
71508
71508
71508
71508
71508
71508
71508
71508
71508
71508
71508
71508
71508
71508
71508
71508
71508
71508
71508
71508
71508
71508
71508
71508
71508
71508
71508
71508
71508
71508
71508
71508
71508
71508
71508
71508
71508
71508
71508
71508
71508
71508
71508
71508
71508
71508
71508
71508
71508
71508
71508
71508
71508
71508
71508
71508
71508
71508
71508
71508
71508
71508
71508
71508
71508
71508
71508
71508
71508
71508
71508
71508
71508
71508
71508
71508
71508
71508
71508
71508
71508
71508
71508
71508
71508
71508
71508
71508
71509
71509
71509
71509
71509
71509
71509
71509
71509
71509
71509
71509
71509
71509
71509
71509
71509
71509
71509
71509
71509
71509
71509
71509
71509
71509
71509
71509
71509
71509
71509
71509
71509
71509
71509
71509
71509
71509
71509
71509
71509
71509
71509
71509
71509
71509
71509
71509
71509
71509
71509
71509
71509
71509
71509
71509
71509
71509
71509
71509
71509
71509
71509
71509
71509
71509
71509
71509
71509
71509
71509
71509
71510
71510
71510
71510
71510
71510
71510
71510
71510
71510
71510
71510
71510
71510
71510
71510
71510
71510
71510
71510
71510
71510
71510
71510
71510
71510
71510
71510
71510
71510
71510
71510
71510
71510
71510
71510
71510
71510
71510
71510
71510
71510
71510
71510
71510
71510
71510
71510
71510
71510
71510
71510
71511
71511
71511
71511
71511
71511
71511
71511
71511
71511
71511
71511
71511
71511
71511
71511
71511
71511
71511
71511
71511
71511
71511
71511
71511
71511
71511
71511
71511
71511
71511
71511
71511
71511
71511
71511
71511
71511
71511
71511
71511
71511
71511
71511
71511
71511
71511
71511
71511
71511
71511
71511
71512
71512
71512
71512
71512
71512
71512
71512
71512
71512
71512
71512
71512
71512
71512
71512
71512
71512
71512
71512
71512
71512
71512
71512
71512
71512
71512
71512
71512
71512
71512
71512
71512
71512
71512
71512
71512
71512
71512
71512
71512
71512
71512
71512
71513
71513
71513
71513
71513
71513
71513
71513
71513
71513
71513
71513
71513
71513
71513
71513
71513
71513
71513
71513
71513
71513
71513
71513
71513
71513
71513
71513
71513
71513
71514
71514
71514
71514
71514
71514
71514
71514
71514
71514
71514
71514
71514
71514
71515
71515
71515
71515
71515
71515
71515
71515
71515
71515
71515
71516
71516
71516
71516
71516
71516
71516
71516
71516
71516
71516
71516
71517
71517
71517
71517
71583
71583
71583
71583
71583
71583
71583
71583
71583
71583
71583
71584
71584
71584
71584
71584
71584
71584
71584
71584
71584
71584
71584
71584
71584
71584
71584
71584
71584
71585
71585
71585
71585
71585
71585
71585
71585
71585
71585
71585
71585
71585
71585
71585
71586
71586
71586
71586
71586
71586
71586
71586
71586
71586
71586
71586
71586
71586
71586
71586
71587
71587
71587
71587
71587
71587
71587
71587
71587
71587
71587
71587
71587
71587
71587
71587
71587
71587
71588
71588
71588
71588
71588
71588
71588
71588
71588
71588
71588
71588
71588
71588
71588
71589
71591
71591
71591
71591
71591
71591
71591
71591
71591
71591
71591
71591
71591
71591
71591
71591
71591
71591
71591
71591
71591
71591
71591
71591
71591
71591
71591
71591
71591
71591
71591
71591
71591
71591
71591
71591
71591
71592
71592
71592
71592
71592
71592
71592
71592
71592
71592
71592
71592
71592
71592
71592
71592
71592
71592
71592
71592
71592
71592
71592
71592
71592
71592
71592
71592
71592
71592
71592
71592
71592
71592
71592
71592
71592
71592
71592
71592
71592
71592
71592
71592
71592
71592
71592
71592
71592
71592
71592
71592
71592
71592
71592
71592
71592
71592
71592
71592
71592
71592
71592
71592
71592
71592
71592
71592
71592
71592
71592
71592
71592
71592
71592
71592
71592
71592
71592
71592
71592
71592
71592
71592
71592
71592
71592
71592
71592
71592
71592
71592
71592
71592
71592
71592
71592
71592
71592
71592
71592
71592
71592
71592
71592
71592
71592
71592
71592
71592
71592
71592
71592
71592
71592
71592
71592
71592
71592
71593
71593
71593
71593
71593
71593
71593
71593
71593
71593
71593
71593
71593
71593
71593
71593
71593
71593
71593
71593
71593
71593
71593
71593
71593
71593
71593
71593
71593
71593
71593
71593
71593
71593
71593
71593
71593
71593
71593
71593
71593
71593
71593
71593
71593
71593
71593
71593
71593
71593
71593
71593
71593
71593
71593
71593
71593
71593
71593
71593
71593
71593
71593
71593
71593
71593
71593
71593
71593
71593
71593
71593
71593
71593
71593
71593
71593
71593
71593
71593
71593
71593
71593
71593
71593
71593
71593
71593
71593
71593
71593
71593
71593
71593
71593
71593
71593
71593
71593
71593
71593
71593
71593
71593
71593
71593
71593
71593
71593
71593
71593
71593
71593
71593
71593
71593
71593
71593
71593
71593
71593
71593
71593
71593
71593
71593
71593
71593
71593
71594
71594
71594
71594
71594
71594
71594
71594
71594
71594
71594
71594
71594
71594
71594
71594
71594
71594
71594
71594
71594
71594
71594
71594
71594
71594
71594
71594
71594
71594
71594
71594
71594
71595
71595
71595
71595
71595
71595
71595
71595
71595
71595
71595
71595
71595
71595
71595
71595
71595
71595
71595
71595
71595
71595
71595
71595
71595
71595
71595
71595
71595
71595
71595
71595
71596
71596
71596
71596
71596
71596
71596
71596
71596
71596
71596
71596
71596
71596
71596
71596
71596
71596
71596
71596
71596
71596
71596
71596
71596
71596
71596
71596
71596
71596
71596
71597
71597
71597
71597
71597
71597
71597
71597
71597
71597
71597
71597
71597
71597
71597
71597
71597
71597
71597
71597
71597
71597
71597
71597
71597
71597
71597
71597
71597
71597
71597
71597
71597
71597
71597
71597
71597
71597
71597
71597
71597
71597
71597
71597
71597
71597
71597
71597
71597
71597
71597
71597
71597
71597
71597
71597
71597
71597
71597
71597
71597
71597
71597
71597
71597
71597
71597
71597
71597
71597
71597
71597
71597
71598
71598
71598
71598
71598
71598
71598
71598
71598
71598
71598
71598
71598
71598
71598
71598
71598
71598
71598
71598
71598
71598
71598
71598
71598
71598
71598
71598
71598
71598
71598
71598
71598
71598
71598
71598
71598
71598
71598
71598
71598
71598
71598
71598
71598
71598
71598
71598
71598
71598
71598
71598
71598
71598
71598
71598
71598
71598
71598
71598
71598
71598
71598
71598
71598
71598
71598
71598
71598
71598
71598
71598
71598
71598
71598
71598
71598
71598
71598
71598
71598
71598
71598
71598
71598
71598
71598
71598
71598
71598
71598
71598
71598
71598
71598
71598
71598
71598
71598
71598
71598
71598
71598
71598
71598
71599
71599
71599
71599
71599
71599
71599
71599
71599
71599
71599
71599
71599
71599
71599
71599
71599
71599
71599
71599
71599
71599
71599
71599
71599
71599
71599
71599
71599
71599
71599
71599
71599
71599
71599
71599
71599
71599
71599
71599
71599
71599
71599
71599
71599
71599
71599
71599
71599
71599
71599
71599
71599
71599
71599
71599
71599
71599
71599
71599
71599
71599
71599
71599
71599
71599
71599
71599
71599
71599
71599
71599
71599
71599
71599
71599
71599
71599
71599
71599
71599
71599
71599
71599
71599
71599
71599
71600
71600
71600
71600
71600
71600
71600
71600
71600
71600
71600
71600
71600
71600
71600
71600
71600
71600
71600
71600
71600
71600
71600
71600
71600
71600
71600
71600
71600
71600
71600
71600
71600
71600
71600
71600
71600
71600
71600
71600
71600
71600
71600
71600
71600
71600
71600
71600
71600
71600
71600
71600
71600
71600
71600
71600
71600
71600
71600
71600
71600
71600
71600
71600
71600
71600
71600
71600
71600
71600
71600
71600
71600
71600
71600
71600
71600
71600
71600
71600
71600
71600
71600
71601
71601
71601
71601
71601
71601
71601
71601
71601
71601
71601
71601
71601
71601
71601
71601
71601
71601
71601
71601
71601
71601
71601
71601
71601
71601
71601
71601
71601
71601
71601
71601
71601
71601
71601
71601
71601
71601
71601
71601
71601
71601
71601
71601
71601
71601
71601
71601
71601
71601
71601
71601
71601
71601
71601
71601
71602
71602
71602
71602
71602
71602
71602
71602
71602
71602
71602
71602
71602
71602
71602
71602
71602
71602
71602
71602
71602
71602
71602
71602
71602
71602
71602
71602
71602
71602
71602
71602
71603
71603
71603
71603
71603
71603
71603
71603
71603
71603
71603
71603
71603
71603
71603
71603
71603
71603
71603
71603
71603
71603
71603
71603
71604
71604
71604
71604
71604
71604
71604
71604
71604
71604
71604
71604
71604
71604
71604
71604
71604
71604
71605
71605
71605
71605
71605
71605
71605
71605
71605
71605
71605
71606
71606
71606
71606
71606
71606
71606
71606
71606
71606
71606
71606
71607
71607
71607
71607
71607
71607
71607
71673
71673
71673
71673
71673
71673
71673
71673
71673
71673
71673
71673
71673
71673
71673
71674
71674
71674
71674
71674
71674
71674
71674
71674
71674
71674
71674
71674
71674
71674
71674
71674
71674
71675
71675
71675
71675
71675
71675
71675
71675
71675
71675
71675
71675
71675
71675
71676
71676
71676
71676
71676
71676
71676
71676
71676
71676
71676
71676
71676
71676
71676
71676
71677
71677
71677
71677
71677
71677
71677
71677
71677
71677
71677
71677
71677
71677
71677
71677
71677
71677
71678
71678
71678
71678
71678
71678
71678
71678
71678
71678
71678
71678
71678
71678
71678
71678
71678
71678
71678
71678
71679
71679
71679
71679
71679
71679
71679
71679
71679
71680
71680
71680
71680
71681
71681
71681
71681
71681
71681
71681
71681
71681
71681
71681
71681
71681
71681
71681
71681
71681
71681
71681
71681
71681
71681
71681
71681
71681
71681
71681
71681
71681
71681
71681
71681
71681
71681
71681
71681
71681
71681
71681
71681
71681
71681
71682
71682
71682
71682
71682
71682
71682
71682
71682
71682
71682
71682
71682
71682
71682
71682
71682
71682
71682
71682
71682
71682
71682
71682
71682
71682
71682
71682
71682
71682
71682
71682
71682
71682
71682
71682
71682
71682
71682
71682
71682
71682
71682
71682
71682
71682
71682
71682
71682
71682
71682
71682
71682
71682
71682
71682
71682
71682
71682
71682
71682
71682
71682
71682
71682
71682
71682
71682
71682
71682
71682
71682
71682
71682
71682
71682
71682
71682
71682
71682
71682
71682
71682
71682
71682
71682
71682
71682
71682
71682
71682
71682
71682
71682
71682
71682
71682
71682
71682
71682
71682
71682
71683
71683
71683
71683
71683
71683
71683
71683
71683
71683
71683
71683
71683
71683
71683
71683
71683
71683
71683
71683
71683
71683
71683
71683
71683
71683
71683
71683
71683
71683
71683
71683
71683
71683
71683
71683
71683
71683
71683
71683
71683
71683
71683
71683
71683
71683
71683
71683
71683
71683
71683
71683
71683
71683
71683
71683
71683
71683
71683
71683
71683
71683
71683
71683
71683
71683
71683
71683
71683
71683
71683
71683
71683
71683
71684
71684
71687
71687
71688
71688
71688
71688
71688
71688
71688
71688
71688
71688
71688
71688
71688
71688
71688
71688
71688
71688
71688
71688
71688
71688
71688
71688
71688
71688
71688
71688
71688
71688
71688
71688
71688
71688
71688
71688
71688
71688
71688
71688
71688
71688
71688
71688
71688
71688
71688
71688
71688
71688
71688
71688
71688
71688
71688
71688
71688
71688
71688
71688
71688
71688
71688
71688
71688
71688
71688
71688
71688
71688
71688
71688
71688
71688
71688
71688
71688
71688
71688
71688
71688
71688
71688
71688
71688
71688
71688
71688
71688
71688
71688
71688
71688
71688
71688
71688
71688
71688
71688
71688
71688
71688
71688
71688
71688
71688
71688
71688
71688
71688
71688
71688
71688
71688
71688
71688
71688
71688
71688
71688
71688
71688
71688
71688
71688
71688
71688
71688
71688
71688
71688
71688
71688
71688
71688
71689
71689
71689
71689
71689
71689
71689
71689
71689
71689
71689
71689
71689
71689
71689
71689
71689
71689
71689
71689
71689
71689
71689
71689
71689
71689
71689
71689
71689
71689
71689
71689
71689
71689
71689
71689
71689
71689
71689
71689
71689
71689
71689
71689
71689
71689
71689
71689
71689
71689
71689
71689
71689
71689
71689
71689
71689
71689
71689
71689
71689
71689
71689
71689
71689
71689
71689
71689
71689
71689
71689
71689
71689
71689
71689
71689
71689
71689
71689
71689
71689
71689
71689
71689
71689
71689
71689
71689
71689
71689
71689
71689
71689
71689
71689
71689
71689
71689
71689
71689
71689
71689
71689
71689
71689
71689
71689
71689
71689
71689
71689
71689
71689
71689
71689
71689
71689
71689
71689
71689
71689
71689
71689
71689
71689
71689
71689
71689
71689
71689
71689
71689
71689
71689
71689
71689
71689
71689
71689
71689
71689
71689
71689
71689
71689
71689
71689
71689
71689
71689
71689
71689
71689
71689
71689
71689
71689
71689
71689
71689
71689
71689
71689
71690
71690
71690
71690
71690
71690
71690
71690
71690
71690
71690
71690
71690
71690
71690
71690
71690
71690
71690
71690
71690
71690
71690
71690
71690
71690
71690
71690
71690
71690
71690
71690
71690
71690
71690
71690
71690
71690
71690
71690
71690
71690
71690
71690
71690
71690
71690
71690
71690
71690
71690
71690
71690
71690
71690
71690
71690
71690
71690
71690
71690
71690
71690
71690
71690
71690
71690
71690
71690
71690
71690
71691
71691
71691
71691
71691
71691
71691
71691
71691
71691
71691
71691
71691
71691
71691
71691
71691
71691
71691
71691
71691
71691
71691
71691
71691
71691
71691
71691
71691
71691
71691
71691
71691
71691
71691
71691
71691
71691
71691
71691
71691
71691
71691
71691
71691
71691
71691
71691
71691
71692
71692
71692
71692
71692
71692
71692
71692
71692
71692
71692
71692
71692
71692
71692
71692
71692
71692
71692
71692
71692
71692
71692
71692
71692
71692
71692
71692
71692
71692
71692
71692
71692
71692
71692
71692
71692
71692
71692
71692
71692
71692
71692
71692
71693
71693
71693
71693
71693
71693
71693
71693
71693
71693
71693
71693
71693
71693
71693
71693
71693
71693
71694
71694
71694
71694
71694
71694
71694
71694
71694
71694
71694
71694
71694
71694
71694
71694
71694
71694
71694
71694
71694
71694
71694
71694
71694
71694
71694
71694
71694
71694
71694
71695
71696
71696
71696
71696
71696
71696
71696
71696
71697
71697
71697
71697
71697
71697
71697
71697
71697
71697
71697
71697
71697
71697
71763
71763
71763
71763
71763
71763
71763
71763
71763
71763
71764
71764
71764
71764
71764
71764
71764
71764
71764
71764
71764
71764
71764
71764
71764
71764
71764
71764
71764
71764
71764
71764
71765
71765
71765
71765
71765
71765
71765
71765
71765
71765
71765
71765
71765
71765
71765
71765
71766
71766
71766
71766
71766
71766
71766
71766
71766
71766
71766
71766
71766
71766
71766
71766
71766
71766
71766
71766
71766
71766
71767
71767
71767
71767
71767
71767
71767
71767
71767
71767
71767
71767
71767
71767
71767
71767
71767
71767
71767
71767
71767
71767
71767
71767
71767
71767
71767
71768
71768
71768
71768
71768
71768
71768
71768
71768
71768
71768
71768
71768
71768
71768
71768
71768
71768
71768
71768
71768
71768
71768
71768
71768
71768
71768
71768
71768
71768
71768
71768
71768
71768
71768
71769
71769
71769
71769
71769
71769
71769
71769
71769
71769
71769
71769
71769
71769
71769
71769
71769
71769
71769
71769
71769
71769
71769
71769
71769
71769
71769
71769
71769
71769
71769
71769
71769
71769
71769
71769
71769
71769
71770
71770
71770
71770
71770
71770
71770
71770
71770
71770
71770
71770
71770
71770
71770
71770
71770
71770
71770
71770
71770
71770
71770
71770
71770
71770
71770
71770
71770
71770
71770
71770
71770
71770
71770
71770
71770
71770
71770
71770
71770
71770
71770
71770
71770
71770
71770
71770
71770
71770
71770
71770
71770
71770
71770
71770
71770
71770
71771
71771
71771
71771
71771
71771
71771
71771
71771
71771
71771
71771
71771
71771
71771
71771
71771
71771
71771
71771
71771
71771
71771
71771
71771
71771
71771
71771
71771
71771
71771
71771
71771
71771
71771
71771
71771
71771
71771
71771
71771
71771
71771
71771
71771
71771
71771
71771
71771
71771
71771
71771
71771
71771
71771
71771
71771
71771
71771
71771
71771
71771
71771
71771
71771
71771
71771
71771
71771
71771
71771
71771
71771
71771
71771
71771
71771
71771
71771
71771
71771
71771
71771
71771
71771
71771
71771
71771
71771
71771
71771
71772
71772
71772
71772
71772
71772
71772
71772
71772
71772
71772
71772
71772
71772
71772
71772
71772
71772
71772
71772
71772
71772
71772
71772
71772
71772
71772
71772
71772
71772
71772
71772
71772
71772
71772
71772
71772
71772
71772
71772
71772
71772
71772
71772
71772
71772
71772
71772
71772
71772
71772
71772
71772
71772
71772
71772
71772
71772
71772
71772
71772
71772
71772
71772
71772
71772
71772
71772
71772
71772
71772
71772
71772
71772
71772
71772
71772
71772
71772
71772
71772
71772
71772
71772
71772
71772
71772
71772
71772
71772
71772
71772
71772
71772
71772
71772
71772
71772
71772
71772
71772
71772
71772
71772
71772
71772
71772
71772
71772
71772
71772
71772
71772
71772
71772
71772
71772
71772
71772
71772
71772
71772
71772
71772
71772
71772
71772
71772
71772
71772
71772
71772
71772
71772
71772
71772
71772
71772
71772
71772
71772
71772
71772
71772
71772
71772
71772
71772
71772
71772
71772
71772
71772
71772
71772
71772
71772
71772
71772
71772
71772
71772
71772
71772
71772
71772
71772
71772
71772
71772
71772
71772
71772
71772
71772
71772
71772
71772
71772
71772
71772
71772
71772
71772
71772
71772
71772
71772
71772
71772
71772
71773
71773
71773
71773
71773
71773
71773
71773
71773
71773
71773
71773
71773
71773
71773
71773
71773
71773
71773
71773
71773
71773
71773
71773
71773
71773
71773
71773
71773
71773
71773
71773
71773
71773
71773
71773
71773
71773
71773
71773
71773
71773
71773
71773
71773
71773
71773
71773
71773
71773
71773
71773
71773
71773
71773
71773
71773
71773
71773
71773
71773
71773
71773
71773
71773
71773
71773
71778
71778
71778
71778
71778
71778
71778
71778
71778
71778
71778
71778
71778
71778
71778
71778
71778
71778
71778
71778
71778
71778
71778
71778
71778
71778
71778
71778
71778
71778
71778
71778
71778
71778
71778
71778
71778
71778
71778
71778
71778
71778
71778
71778
71778
71778
71778
71778
71778
71778
71778
71778
71778
71778
71778
71778
71778
71778
71778
71778
71778
71778
71778
71778
71778
71778
71778
71778
71778
71778
71778
71778
71778
71778
71778
71778
71778
71778
71778
71778
71778
71778
71778
71778
71778
71778
71778
71778
71778
71778
71778
71778
71778
71778
71778
71778
71778
71778
71779
71779
71779
71779
71779
71779
71779
71779
71779
71779
71779
71779
71779
71779
71779
71779
71779
71779
71779
71779
71779
71779
71779
71779
71779
71779
71779
71779
71779
71779
71779
71779
71779
71779
71779
71779
71779
71779
71779
71779
71779
71779
71779
71779
71779
71779
71779
71779
71779
71779
71779
71779
71779
71779
71779
71779
71779
71779
71779
71779
71779
71779
71779
71779
71779
71779
71779
71779
71779
71779
71779
71779
71779
71779
71779
71779
71779
71779
71779
71779
71779
71779
71779
71779
71779
71779
71779
71779
71779
71779
71779
71779
71779
71779
71779
71779
71779
71779
71779
71779
71779
71779
71779
71779
71779
71779
71779
71779
71779
71779
71779
71779
71779
71779
71779
71779
71779
71779
71779
71779
71779
71779
71779
71779
71779
71779
71779
71779
71779
71779
71779
71779
71779
71779
71779
71779
71779
71779
71779
71780
71780
71780
71780
71780
71780
71780
71780
71780
71780
71780
71780
71780
71780
71780
71780
71780
71780
71780
71780
71780
71780
71780
71780
71780
71780
71780
71780
71780
71780
71780
71780
71780
71780
71780
71780
71780
71780
71780
71780
71780
71780
71780
71780
71780
71780
71780
71780
71780
71780
71780
71780
71780
71780
71780
71780
71780
71780
71780
71780
71780
71780
71780
71780
71780
71780
71780
71780
71780
71780
71780
71780
71780
71780
71780
71781
71781
71781
71781
71781
71781
71781
71781
71781
71781
71781
71781
71781
71781
71781
71781
71781
71781
71781
71781
71781
71781
71781
71781
71781
71781
71781
71781
71781
71781
71781
71781
71781
71781
71781
71781
71781
71781
71781
71781
71781
71781
71781
71781
71781
71781
71781
71781
71781
71781
71781
71781
71781
71781
71781
71781
71781
71782
71782
71782
71782
71782
71782
71782
71782
71782
71782
71782
71782
71782
71782
71782
71782
71782
71782
71782
71782
71782
71782
71782
71782
71782
71782
71782
71782
71782
71782
71782
71782
71782
71782
71782
71782
71782
71782
71782
71782
71782
71782
71782
71782
71782
71782
71782
71782
71782
71782
71783
71783
71783
71783
71783
71783
71783
71783
71783
71783
71783
71783
71783
71783
71783
71783
71783
71783
71783
71783
71783
71783
71783
71783
71783
71783
71784
71784
71784
71784
71784
71784
71784
71784
71784
71784
71784
71784
71784
71784
71784
71784
71784
71784
71784
71784
71785
71785
71785
71785
71785
71785
71785
71785
71785
71785
71785
71785
71785
71786
71786
71786
71786
71786
71786
71786
71786
71786
71786
71786
71786
71786
71786
71787
71787
71787
71787
71787
71787
71787
71787
71787
71853
71853
71853
71853
71853
71853
71853
71853
71853
71853
71853
71853
71853
71854
71854
71854
71854
71854
71854
71854
71854
71854
71854
71854
71854
71854
71854
71855
71855
71855
71855
71855
71855
71855
71855
71855
71855
71855
71855
71855
71856
71856
71856
71856
71856
71856
71856
71856
71856
71856
71856
71856
71856
71856
71857
71857
71857
71857
71857
71857
71857
71857
71857
71857
71857
71857
71857
71857
71857
71857
71857
71857
71858
71858
71858
71858
71858
71858
71858
71858
71858
71858
71858
71858
71858
71858
71858
71858
71858
71858
71858
71858
71858
71858
71858
71858
71858
71858
71858
71859
71859
71859
71859
71859
71859
71859
71859
71859
71859
71859
71859
71859
71859
71859
71859
71859
71859
71859
71859
71859
71859
71859
71859
71859
71859
71859
71859
71859
71859
71859
71859
71859
71859
71859
71860
71860
71860
71860
71860
71860
71860
71860
71860
71860
71860
71860
71860
71860
71860
71860
71860
71860
71860
71860
71860
71860
71860
71860
71860
71860
71860
71860
71860
71860
71860
71860
71860
71860
71860
71860
71860
71860
71860
71860
71860
71860
71860
71861
71861
71861
71861
71861
71861
71861
71861
71861
71861
71861
71861
71861
71861
71861
71861
71861
71861
71861
71861
71861
71861
71861
71861
71861
71861
71861
71861
71861
71861
71861
71861
71861
71861
71861
71861
71861
71861
71861
71861
71861
71861
71861
71861
71861
71861
71861
71861
71861
71861
71861
71861
71861
71861
71861
71861
71861
71861
71861
71861
71861
71861
71861
71861
71861
71861
71861
71861
71861
71861
71861
71861
71861
71861
71861
71861
71861
71861
71861
71861
71861
71861
71861
71861
71862
71862
71862
71862
71862
71862
71862
71862
71862
71862
71862
71862
71862
71862
71862
71862
71862
71862
71862
71862
71862
71862
71862
71862
71862
71862
71862
71862
71862
71862
71862
71862
71862
71862
71862
71862
71862
71862
71862
71862
71862
71862
71862
71862
71862
71862
71862
71862
71862
71862
71862
71862
71862
71862
71862
71862
71862
71862
71862
71862
71862
71862
71862
71862
71862
71862
71862
71862
71862
71862
71862
71862
71862
71862
71862
71862
71862
71862
71862
71862
71862
71862
71862
71862
71862
71862
71862
71862
71862
71862
71862
71862
71862
71862
71862
71862
71862
71862
71862
71862
71862
71862
71862
71862
71862
71862
71862
71862
71862
71862
71862
71862
71862
71862
71862
71862
71862
71862
71862
71862
71862
71862
71863
71863
71863
71863
71863
71863
71863
71863
71863
71863
71863
71863
71863
71863
71863
71863
71863
71863
71863
71863
71863
71863
71863
71863
71863
71863
71863
71863
71863
71863
71863
71863
71863
71863
71863
71863
71863
71863
71863
71863
71863
71863
71863
71863
71867
71868
71868
71868
71868
71868
71868
71868
71868
71868
71868
71868
71868
71868
71868
71868
71868
71868
71868
71868
71868
71868
71868
71868
71868
71868
71868
71868
71868
71868
71868
71868
71868
71868
71868
71868
71868
71868
71868
71868
71868
71868
71868
71868
71868
71868
71868
71868
71868
71868
71868
71868
71868
71868
71868
71868
71868
71868
71868
71868
71868
71868
71868
71868
71868
71868
71868
71868
71868
71868
71868
71868
71868
71868
71868
71868
71868
71868
71868
71868
71868
71868
71868
71868
71868
71868
71868
71868
71868
71868
71868
71868
71868
71868
71868
71868
71868
71868
71868
71868
71868
71868
71868
71868
71868
71868
71868
71868
71868
71868
71868
71868
71868
71868
71868
71868
71868
71868
71868
71868
71868
71868
71868
71868
71868
71868
71868
71868
71868
71868
71868
71868
71868
71868
71868
71868
71868
71868
71868
71868
71868
71868
71869
71869
71869
71869
71869
71869
71869
71869
71869
71869
71869
71869
71869
71869
71869
71869
71869
71869
71869
71869
71869
71869
71869
71869
71869
71869
71869
71869
71869
71869
71869
71869
71869
71869
71869
71869
71869
71869
71869
71869
71869
71869
71869
71869
71869
71869
71869
71869
71869
71869
71869
71869
71869
71869
71869
71869
71869
71869
71869
71869
71869
71869
71869
71869
71869
71869
71869
71869
71869
71869
71869
71869
71869
71869
71869
71869
71869
71869
71869
71869
71869
71869
71869
71869
71869
71869
71869
71869
71869
71869
71869
71869
71869
71869
71869
71869
71869
71869
71869
71869
71869
71869
71869
71869
71869
71869
71869
71869
71869
71869
71869
71869
71869
71869
71869
71869
71869
71869
71869
71869
71869
71869
71869
71869
71869
71869
71869
71869
71869
71869
71869
71869
71869
71869
71869
71869
71869
71869
71869
71869
71869
71869
71869
71869
71869
71869
71869
71869
71869
71869
71869
71869
71869
71869
71869
71869
71869
71869
71869
71869
71869
71869
71869
71869
71869
71869
71869
71869
71869
71869
71869
71869
71869
71869
71869
71869
71869
71869
71869
71869
71869
71869
71869
71869
71869
71869
71869
71869
71869
71869
71869
71869
71869
71869
71869
71869
71869
71869
71869
71869
71869
71869
71869
71869
71869
71870
71870
71870
71870
71870
71870
71870
71870
71870
71870
71870
71870
71870
71870
71870
71870
71870
71870
71870
71870
71870
71870
71870
71870
71870
71870
71870
71870
71870
71870
71870
71870
71870
71870
71870
71870
71870
71870
71870
71870
71870
71870
71870
71870
71870
71870
71870
71870
71870
71870
71870
71870
71870
71870
71870
71870
71870
71870
71870
71870
71870
71870
71870
71870
71870
71870
71870
71870
71870
71870
71870
71870
71870
71870
71870
71870
71870
71870
71870
71870
71870
71870
71870
71870
71870
71870
71870
71870
71870
71870
71870
71870
71870
71870
71870
71870
71870
71870
71870
71870
71870
71870
71870
71870
71870
71870
71870
71870
71870
71870
71870
71870
71870
71870
71870
71870
71870
71870
71870
71870
71870
71870
71870
71870
71870
71870
71870
71870
71870
71870
71870
71870
71870
71870
71871
71871
71871
71871
71871
71871
71871
71871
71871
71871
71871
71871
71871
71871
71871
71871
71871
71871
71871
71871
71871
71871
71871
71871
71871
71871
71871
71871
71871
71871
71871
71871
71871
71871
71871
71871
71871
71871
71871
71871
71871
71871
71871
71871
71871
71871
71871
71871
71871
71871
71871
71871
71871
71871
71871
71871
71871
71871
71871
71871
71871
71871
71871
71871
71871
71871
71871
71871
71871
71871
71871
71872
71872
71872
71872
71872
71872
71872
71872
71872
71872
71872
71872
71872
71872
71872
71872
71872
71872
71872
71872
71872
71872
71872
71872
71872
71872
71872
71872
71872
71872
71872
71872
71872
71872
71872
71872
71872
71872
71872
71872
71872
71872
71872
71872
71872
71872
71872
71873
71873
71873
71873
71873
71873
71873
71873
71873
71873
71873
71873
71873
71873
71873
71873
71873
71873
71873
71873
71873
71873
71873
71873
71873
71873
71873
71873
71873
71873
71873
71873
71874
71874
71874
71874
71874
71874
71874
71874
71874
71874
71874
71874
71874
71874
71874
71874
71874
71874
71875
71875
71875
71875
71875
71875
71875
71875
71875
71875
71875
71875
71875
71876
71876
71876
71876
71876
71876
71876
71876
71876
71876
71876
71877
71877
71877
71877
71877
71877
71877
71877
71877
71877
71943
71943
71943
71943
71943
71943
71943
71943
71943
71943
71943
71943
71943
71943
71944
71944
71944
71944
71944
71944
71944
71944
71944
71944
71944
71944
71944
71944
71944
71944
71945
71945
71945
71945
71945
71945
71945
71945
71945
71945
71945
71945
71945
71945
71945
71945
71945
71945
71945
71946
71946
71946
71946
71946
71946
71946
71946
71946
71946
71946
71947
71947
71947
71947
71947
71947
71947
71947
71947
71947
71947
71947
71947
71947
71947
71947
71947
71947
71948
71948
71948
71948
71948
71948
71948
71948
71948
71948
71948
71948
71948
71948
71948
71948
71948
71948
71948
71948
71948
71948
71948
71948
71948
71949
71949
71949
71949
71949
71949
71949
71949
71949
71949
71949
71949
71949
71949
71949
71949
71949
71949
71949
71949
71949
71949
71949
71949
71949
71949
71950
71950
71950
71950
71950
71950
71950
71950
71950
71950
71950
71950
71950
71950
71950
71950
71950
71950
71950
71950
71950
71950
71950
71950
71950
71950
71950
71950
71950
71950
71950
71950
71950
71950
71950
71950
71950
71950
71950
71950
71950
71950
71951
71951
71951
71951
71951
71951
71951
71951
71951
71951
71951
71951
71951
71951
71951
71951
71951
71951
71951
71951
71951
71951
71951
71951
71951
71951
71951
71951
71951
71951
71951
71951
71951
71951
71951
71951
71951
71951
71951
71951
71951
71951
71951
71951
71951
71951
71951
71951
71951
71951
71951
71951
71951
71951
71951
71951
71951
71951
71951
71951
71951
71951
71951
71951
71951
71951
71951
71951
71951
71951
71951
71951
71951
71951
71951
71952
71952
71952
71952
71952
71952
71952
71952
71952
71952
71952
71952
71952
71952
71952
71952
71952
71952
71952
71952
71952
71952
71952
71952
71952
71952
71952
71952
71952
71952
71952
71952
71952
71952
71952
71952
71952
71952
71952
71952
71952
71952
71952
71952
71952
71952
71952
71952
71952
71952
71952
71952
71952
71952
71952
71952
71952
71952
71952
71952
71952
71952
71952
71952
71952
71952
71952
71952
71952
71952
71952
71952
71952
71952
71952
71952
71952
71952
71952
71952
71952
71952
71952
71952
71952
71952
71952
71952
71952
71952
71952
71952
71952
71952
71952
71952
71952
71952
71952
71952
71952
71952
71952
71952
71952
71952
71952
71952
71952
71952
71952
71952
71952
71952
71952
71952
71952
71952
71952
71952
71952
71952
71952
71952
71952
71952
71952
71952
71952
71952
71952
71952
71952
71952
71952
71952
71952
71952
71952
71952
71952
71952
71952
71952
71952
71952
71952
71952
71952
71952
71952
71952
71952
71952
71952
71952
71952
71953
71953
71953
71953
71953
71953
71953
71953
71953
71953
71953
71953
71953
71953
71953
71953
71953
71953
71953
71953
71953
71953
71953
71953
71953
71953
71953
71953
71953
71953
71953
71953
71953
71953
71953
71953
71953
71953
71953
71953
71953
71953
71953
71953
71953
71953
71953
71953
71953
71953
71953
71953
71953
71953
71953
71953
71953
71953
71953
71953
71953
71953
71953
71953
71953
71953
71953
71953
71953
71953
71953
71953
71953
71953
71953
71953
71953
71953
71953
71953
71953
71953
71953
71953
71953
71953
71953
71953
71953
71954
71954
71957
71957
71957
71957
71957
71957
71957
71957
71958
71958
71958
71958
71958
71958
71958
71958
71958
71958
71958
71958
71958
71958
71958
71958
71958
71958
71958
71958
71958
71958
71958
71958
71958
71958
71958
71958
71958
71958
71958
71958
71958
71958
71958
71958
71958
71958
71958
71958
71958
71958
71958
71958
71958
71958
71958
71958
71958
71958
71958
71958
71958
71958
71958
71958
71958
71958
71958
71958
71958
71958
71958
71958
71958
71958
71958
71958
71958
71958
71958
71958
71958
71958
71958
71958
71958
71958
71958
71958
71958
71958
71958
71958
71958
71958
71958
71958
71958
71958
71958
71958
71958
71958
71958
71958
71958
71958
71958
71958
71958
71958
71958
71958
71958
71958
71958
71958
71959
71959
71959
71959
71959
71959
71959
71959
71959
71959
71959
71959
71959
71959
71959
71959
71959
71959
71959
71959
71959
71959
71959
71959
71959
71959
71959
71959
71959
71959
71959
71959
71959
71959
71959
71959
71959
71959
71959
71959
71959
71959
71959
71959
71959
71959
71959
71959
71959
71959
71959
71959
71959
71959
71959
71959
71959
71959
71959
71959
71959
71959
71959
71959
71959
71959
71959
71959
71959
71959
71959
71959
71959
71959
71959
71959
71959
71959
71959
71959
71959
71959
71959
71959
71959
71959
71959
71959
71959
71959
71959
71959
71959
71959
71959
71959
71959
71959
71959
71959
71959
71959
71959
71959
71959
71959
71959
71959
71959
71959
71959
71959
71959
71959
71959
71959
71959
71959
71959
71959
71959
71959
71959
71959
71959
71960
71960
71960
71960
71960
71960
71960
71960
71960
71960
71960
71960
71960
71960
71960
71960
71960
71960
71960
71960
71960
71960
71960
71960
71960
71960
71960
71960
71960
71960
71960
71960
71960
71960
71960
71960
71960
71960
71960
71960
71960
71960
71960
71960
71960
71960
71960
71960
71960
71960
71960
71960
71960
71960
71960
71960
71960
71960
71960
71960
71960
71960
71960
71960
71960
71960
71960
71960
71960
71960
71960
71960
71960
71960
71960
71960
71961
71961
71961
71961
71961
71961
71961
71961
71961
71961
71961
71961
71961
71961
71961
71961
71961
71961
71961
71961
71961
71961
71961
71961
71961
71961
71961
71961
71961
71961
71961
71961
71961
71961
71961
71961
71961
71961
71961
71961
71961
71961
71961
71961
71961
71961
71961
71961
71962
71962
71962
71962
71962
71962
71962
71962
71962
71962
71962
71962
71962
71962
71962
71962
71962
71962
71962
71962
71962
71962
71962
71962
71962
71962
71962
71962
71962
71962
71962
71962
71962
71962
71962
71962
71962
71962
71962
71963
71963
71963
71963
71963
71963
71963
71963
71963
71963
71963
71963
71963
71963
71963
71963
71963
71963
71963
71963
71963
71963
71963
71963
71963
71963
71964
71964
71964
71964
71964
71964
71964
71964
71964
71964
71964
71964
71964
71964
71964
71964
71964
71964
71964
71964
71964
71964
71964
71964
71964
71965
71965
71965
71965
71965
71965
71965
71965
71966
71966
71966
71966
71966
71966
71966
71966
71966
71966
71966
71967
71967
71967
71967
71967
71967
71967
71967
71967
71967
71967
72032
72032
72032
72032
72032
72032
72032
72033
72033
72033
72033
72033
72033
72033
72033
72033
72033
72033
72034
72034
72034
72034
72034
72034
72034
72034
72034
72034
72034
72035
72035
72035
72035
72035
72035
72035
72035
72035
72035
72035
72035
72036
72036
72036
72036
72036
72036
72036
72036
72036
72036
72037
72037
72037
72037
72037
72037
72037
72037
72037
72037
72037
72037
72037
72037
72037
72037
72037
72037
72038
72038
72038
72038
72038
72038
72038
72038
72038
72038
72038
72038
72038
72038
72038
72038
72038
72038
72038
72038
72038
72038
72038
72038
72039
72039
72039
72039
72039
72039
72039
72039
72039
72039
72039
72039
72039
72039
72039
72039
72039
72039
72039
72039
72039
72039
72039
72039
72039
72039
72039
72039
72040
72040
72040
72040
72040
72040
72040
72040
72040
72040
72040
72040
72040
72040
72040
72040
72040
72040
72040
72040
72040
72040
72040
72040
72040
72040
72040
72040
72040
72040
72040
72040
72040
72040
72040
72040
72040
72040
72040
72040
72040
72040
72040
72040
72040
72040
72040
72041
72041
72041
72041
72041
72041
72041
72041
72041
72041
72041
72041
72041
72041
72041
72041
72041
72041
72041
72041
72041
72041
72041
72041
72041
72041
72041
72041
72041
72041
72041
72041
72041
72041
72041
72041
72041
72041
72041
72041
72041
72041
72041
72041
72041
72041
72041
72041
72041
72041
72041
72041
72041
72041
72041
72041
72041
72041
72041
72041
72041
72041
72041
72041
72041
72041
72041
72041
72041
72041
72041
72041
72041
72041
72041
72041
72041
72041
72041
72041
72041
72041
72041
72042
72042
72042
72042
72042
72042
72042
72042
72042
72042
72042
72042
72042
72042
72042
72042
72042
72042
72042
72042
72042
72042
72042
72042
72042
72042
72042
72042
72042
72042
72042
72042
72042
72042
72042
72042
72042
72042
72042
72042
72042
72042
72042
72042
72042
72042
72042
72042
72042
72042
72042
72042
72042
72042
72042
72042
72042
72042
72042
72042
72042
72042
72042
72042
72042
72042
72042
72042
72042
72042
72042
72042
72042
72042
72042
72042
72042
72042
72042
72042
72042
72042
72042
72042
72042
72042
72042
72042
72042
72042
72042
72042
72042
72042
72042
72042
72042
72042
72042
72042
72042
72042
72043
72043
72043
72043
72043
72043
72043
72043
72043
72043
72043
72043
72043
72043
72043
72043
72043
72043
72043
72043
72043
72043
72043
72043
72043
72043
72043
72043
72043
72043
72043
72043
72043
72043
72043
72043
72043
72043
72043
72043
72043
72043
72043
72043
72043
72043
72043
72043
72043
72043
72043
72043
72043
72043
72043
72043
72043
72043
72043
72043
72043
72043
72043
72043
72043
72043
72043
72043
72043
72043
72043
72043
72043
72043
72043
72043
72043
72043
72043
72043
72043
72043
72043
72043
72043
72043
72043
72043
72043
72043
72044
72044
72044
72044
72044
72044
72044
72044
72044
72044
72044
72044
72044
72044
72046
72046
72046
72046
72046
72046
72046
72046
72046
72046
72046
72046
72046
72046
72046
72046
72046
72046
72046
72046
72046
72046
72046
72046
72046
72047
72047
72047
72047
72047
72047
72047
72047
72047
72047
72047
72047
72047
72047
72047
72047
72047
72047
72047
72047
72047
72047
72047
72047
72047
72047
72047
72047
72047
72047
72047
72047
72047
72047
72047
72047
72047
72047
72047
72047
72047
72047
72047
72047
72047
72047
72047
72047
72047
72047
72047
72047
72047
72047
72047
72047
72047
72047
72047
72047
72047
72047
72047
72047
72047
72047
72047
72048
72048
72048
72048
72048
72048
72048
72048
72048
72048
72048
72048
72048
72048
72048
72048
72048
72048
72048
72048
72048
72048
72048
72048
72048
72048
72048
72048
72048
72048
72048
72048
72048
72048
72048
72048
72048
72048
72048
72048
72048
72048
72048
72048
72048
72048
72048
72048
72048
72048
72048
72048
72048
72048
72048
72048
72048
72048
72048
72048
72048
72048
72048
72048
72048
72048
72048
72048
72048
72048
72048
72048
72048
72048
72048
72048
72048
72048
72048
72048
72048
72048
72048
72048
72048
72048
72048
72048
72048
72048
72048
72048
72048
72048
72048
72048
72048
72048
72048
72048
72048
72048
72048
72048
72048
72048
72048
72048
72048
72048
72048
72048
72048
72048
72048
72048
72048
72048
72048
72048
72048
72048
72048
72048
72048
72048
72048
72048
72048
72048
72048
72048
72048
72048
72048
72048
72048
72048
72048
72048
72048
72048
72048
72048
72048
72048
72048
72048
72048
72048
72048
72048
72048
72048
72048
72048
72048
72048
72048
72048
72048
72048
72048
72048
72048
72048
72048
72048
72048
72048
72048
72048
72048
72048
72049
72049
72049
72049
72049
72049
72049
72049
72049
72049
72049
72049
72049
72049
72049
72049
72049
72049
72049
72049
72049
72049
72049
72049
72049
72049
72049
72049
72049
72049
72049
72049
72049
72049
72049
72049
72049
72049
72049
72049
72049
72049
72049
72049
72049
72049
72049
72049
72049
72049
72049
72049
72049
72049
72049
72049
72049
72049
72049
72049
72049
72049
72049
72049
72049
72049
72049
72049
72049
72049
72049
72049
72049
72049
72049
72049
72049
72049
72049
72049
72049
72049
72049
72049
72049
72049
72049
72049
72049
72049
72049
72049
72049
72049
72049
72049
72049
72049
72049
72049
72049
72049
72049
72049
72049
72049
72049
72049
72049
72049
72049
72049
72049
72049
72049
72049
72049
72049
72049
72049
72049
72049
72049
72049
72049
72049
72049
72049
72049
72049
72049
72049
72049
72049
72049
72049
72049
72050
72050
72050
72050
72050
72050
72050
72050
72050
72050
72050
72050
72050
72050
72050
72050
72050
72050
72050
72050
72050
72050
72050
72050
72050
72050
72050
72050
72050
72050
72050
72050
72050
72050
72050
72050
72050
72050
72050
72050
72050
72050
72050
72050
72050
72050
72050
72050
72050
72050
72050
72050
72050
72050
72050
72050
72050
72050
72050
72050
72050
72050
72050
72050
72050
72050
72050
72050
72051
72051
72051
72051
72051
72051
72051
72051
72051
72051
72051
72051
72051
72051
72051
72051
72051
72051
72051
72051
72051
72051
72051
72051
72051
72051
72051
72051
72051
72051
72051
72051
72051
72051
72051
72051
72051
72051
72051
72051
72051
72051
72051
72051
72051
72051
72051
72051
72051
72051
72051
72051
72052
72052
72052
72052
72052
72052
72052
72052
72052
72052
72052
72052
72052
72052
72052
72052
72052
72052
72052
72052
72052
72052
72052
72052
72052
72052
72052
72052
72052
72052
72052
72052
72052
72052
72053
72053
72053
72053
72053
72053
72053
72053
72053
72053
72053
72053
72053
72053
72053
72053
72053
72053
72053
72053
72053
72053
72053
72053
72053
72053
72053
72053
72054
72054
72054
72054
72054
72054
72054
72054
72054
72054
72054
72054
72054
72054
72054
72054
72055
72055
72055
72055
72055
72055
72055
72055
72055
72055
72055
72056
72056
72056
72056
72056
72056
72056
72056
72056
72056
72056
72056
72056
72057
72057
72057
72120
72121
72121
72121
72121
72121
72121
72122
72122
72122
72122
72122
72122
72122
72122
72123
72123
72123
72123
72123
72124
72124
72124
72124
72124
72124
72124
72124
72124
72124
72124
72125
72125
72125
72125
72125
72125
72125
72125
72125
72125
72125
72125
72125
72126
72126
72126
72126
72126
72126
72126
72126
72126
72126
72126
72127
72127
72127
72127
72127
72127
72127
72127
72127
72127
72127
72127
72127
72127
72128
72128
72128
72128
72128
72128
72128
72128
72128
72128
72128
72128
72128
72128
72128
72128
72128
72128
72128
72128
72128
72128
72128
72128
72129
72129
72129
72129
72129
72129
72129
72129
72129
72129
72129
72129
72129
72129
72129
72129
72129
72129
72129
72129
72129
72129
72129
72129
72129
72129
72129
72129
72130
72130
72130
72130
72130
72130
72130
72130
72130
72130
72130
72130
72130
72130
72130
72130
72130
72130
72130
72130
72130
72130
72130
72130
72130
72130
72130
72130
72130
72130
72130
72130
72130
72130
72130
72130
72130
72131
72131
72131
72131
72131
72131
72131
72131
72131
72131
72131
72131
72131
72131
72131
72131
72131
72131
72131
72131
72131
72131
72131
72131
72131
72131
72131
72131
72131
72131
72131
72131
72131
72131
72131
72131
72131
72131
72131
72131
72131
72131
72131
72131
72131
72132
72132
72132
72132
72132
72132
72132
72132
72132
72132
72132
72132
72132
72132
72132
72132
72132
72132
72132
72132
72132
72132
72132
72132
72132
72132
72132
72132
72132
72132
72132
72132
72132
72132
72132
72132
72132
72132
72132
72132
72132
72132
72132
72132
72132
72132
72132
72132
72132
72132
72132
72132
72132
72132
72132
72132
72132
72132
72132
72132
72132
72132
72132
72132
72132
72132
72132
72132
72132
72132
72133
72133
72133
72133
72133
72133
72133
72133
72133
72133
72133
72133
72133
72133
72133
72133
72133
72133
72133
72133
72133
72133
72133
72133
72133
72133
72133
72133
72133
72133
72133
72133
72133
72133
72133
72133
72133
72133
72133
72133
72133
72133
72133
72133
72133
72133
72133
72133
72133
72133
72133
72133
72133
72133
72133
72133
72133
72133
72133
72133
72133
72133
72133
72133
72133
72133
72133
72133
72133
72133
72133
72133
72133
72133
72133
72133
72133
72133
72133
72133
72133
72133
72133
72133
72133
72134
72134
72134
72134
72134
72134
72134
72134
72134
72134
72134
72134
72134
72134
72134
72134
72134
72134
72134
72134
72134
72134
72134
72134
72135
72135
72135
72135
72135
72135
72135
72135
72135
72135
72135
72135
72135
72135
72135
72135
72135
72136
72136
72136
72136
72136
72136
72136
72136
72136
72136
72136
72136
72136
72136
72136
72136
72136
72136
72136
72136
72136
72136
72136
72136
72136
72136
72136
72136
72136
72136
72136
72136
72136
72136
72136
72136
72136
72136
72136
72136
72136
72136
72136
72136
72136
72136
72136
72136
72136
72136
72136
72136
72136
72136
72136
72136
72136
72136
72136
72136
72137
72137
72137
72137
72137
72137
72137
72137
72137
72137
72137
72137
72137
72137
72137
72137
72137
72137
72137
72137
72137
72137
72137
72137
72137
72137
72137
72137
72137
72137
72137
72137
72137
72137
72137
72137
72137
72137
72137
72137
72137
72137
72137
72137
72137
72137
72137
72137
72137
72137
72137
72137
72137
72137
72137
72137
72137
72137
72137
72137
72137
72137
72137
72137
72137
72137
72137
72137
72137
72137
72137
72137
72137
72137
72137
72137
72137
72137
72137
72137
72137
72137
72137
72137
72137
72137
72137
72137
72137
72137
72137
72137
72137
72137
72137
72137
72137
72137
72137
72137
72137
72137
72137
72137
72137
72137
72137
72137
72137
72137
72137
72137
72137
72137
72137
72137
72137
72137
72137
72137
72137
72137
72137
72137
72137
72137
72137
72137
72137
72137
72137
72137
72137
72137
72137
72137
72137
72137
72137
72137
72137
72137
72137
72137
72137
72137
72137
72137
72137
72137
72137
72137
72137
72137
72137
72137
72137
72137
72138
72138
72138
72138
72138
72138
72138
72138
72138
72138
72138
72138
72138
72138
72138
72138
72138
72138
72138
72138
72138
72138
72138
72138
72138
72138
72138
72138
72138
72138
72138
72138
72138
72138
72138
72138
72138
72138
72138
72138
72138
72138
72138
72138
72138
72138
72138
72138
72138
72138
72138
72138
72138
72138
72138
72138
72138
72138
72138
72138
72138
72138
72138
72138
72138
72138
72138
72138
72138
72138
72138
72138
72138
72138
72138
72138
72138
72138
72138
72138
72138
72138
72138
72138
72138
72138
72138
72138
72138
72138
72139
72139
72139
72139
72139
72139
72139
72139
72139
72139
72139
72139
72139
72139
72139
72139
72139
72139
72139
72139
72139
72139
72139
72139
72139
72139
72139
72139
72139
72139
72139
72139
72139
72139
72139
72139
72139
72139
72139
72139
72139
72139
72139
72139
72139
72139
72139
72139
72139
72139
72139
72139
72139
72139
72139
72139
72139
72139
72139
72139
72139
72139
72139
72139
72139
72139
72139
72139
72139
72139
72139
72139
72139
72139
72139
72139
72139
72139
72139
72139
72139
72139
72139
72139
72139
72139
72139
72139
72139
72139
72139
72139
72139
72139
72139
72140
72140
72140
72140
72140
72140
72140
72140
72140
72140
72140
72140
72140
72140
72140
72140
72140
72140
72140
72140
72140
72140
72140
72140
72140
72140
72140
72140
72140
72140
72140
72140
72140
72140
72140
72140
72140
72140
72140
72140
72140
72140
72140
72140
72140
72140
72140
72140
72140
72140
72140
72140
72140
72140
72140
72140
72140
72140
72140
72140
72140
72140
72140
72140
72140
72140
72140
72140
72140
72140
72140
72141
72141
72141
72141
72141
72141
72141
72141
72141
72141
72141
72141
72141
72141
72141
72141
72141
72141
72141
72141
72141
72141
72141
72141
72141
72141
72141
72141
72141
72141
72141
72141
72141
72141
72141
72141
72141
72141
72141
72141
72141
72141
72142
72142
72142
72142
72142
72142
72142
72142
72142
72142
72142
72142
72142
72142
72142
72142
72142
72142
72142
72142
72142
72142
72142
72142
72142
72142
72142
72142
72142
72142
72143
72143
72143
72143
72143
72143
72143
72143
72143
72143
72143
72143
72143
72143
72143
72143
72143
72143
72144
72144
72144
72144
72144
72144
72144
72144
72144
72144
72144
72144
72144
72144
72144
72145
72145
72145
72145
72145
72145
72145
72145
72145
72145
72145
72146
72146
72146
72146
72146
72146
72146
72146
72146
72146
72210
72210
72210
72210
72211
72211
72211
72211
72211
72212
72212
72212
72212
72212
72212
72212
72212
72212
72213
72213
72213
72213
72214
72214
72214
72214
72214
72214
72214
72214
72214
72215
72215
72215
72215
72215
72215
72215
72215
72215
72215
72215
72215
72215
72216
72216
72216
72216
72216
72216
72216
72216
72216
72216
72216
72216
72216
72217
72217
72217
72217
72217
72217
72217
72217
72217
72217
72217
72217
72217
72217
72217
72217
72217
72217
72218
72218
72218
72218
72218
72218
72218
72218
72218
72218
72218
72218
72218
72218
72218
72218
72218
72218
72218
72218
72218
72218
72218
72219
72219
72219
72219
72219
72219
72219
72219
72219
72219
72219
72219
72219
72219
72219
72219
72219
72220
72220
72220
72220
72220
72220
72220
72220
72220
72220
72220
72220
72220
72220
72220
72220
72220
72220
72220
72220
72220
72220
72220
72220
72220
72220
72221
72221
72221
72221
72221
72221
72221
72221
72221
72221
72221
72221
72221
72221
72221
72221
72221
72221
72221
72221
72221
72221
72221
72221
72221
72221
72221
72221
72221
72221
72221
72221
72222
72222
72222
72222
72222
72222
72222
72222
72222
72222
72222
72222
72222
72222
72222
72222
72222
72222
72222
72222
72222
72222
72222
72222
72222
72222
72222
72222
72222
72222
72222
72222
72222
72222
72222
72222
72222
72222
72222
72222
72222
72222
72222
72222
72222
72222
72222
72222
72222
72222
72222
72222
72223
72223
72223
72223
72223
72223
72223
72223
72223
72223
72223
72223
72223
72223
72223
72223
72223
72223
72223
72223
72223
72223
72223
72223
72223
72223
72223
72223
72223
72223
72223
72223
72223
72223
72223
72223
72223
72223
72223
72223
72223
72223
72223
72223
72223
72223
72223
72223
72223
72223
72223
72223
72223
72223
72223
72223
72223
72223
72223
72223
72223
72223
72223
72223
72223
72223
72223
72223
72223
72223
72223
72223
72223
72223
72223
72223
72223
72223
72223
72224
72224
72224
72224
72224
72224
72224
72224
72224
72224
72224
72224
72224
72224
72224
72224
72224
72224
72224
72224
72224
72224
72224
72224
72224
72224
72224
72224
72224
72224
72224
72225
72225
72225
72225
72225
72225
72225
72225
72225
72225
72225
72225
72225
72225
72225
72225
72225
72225
72225
72225
72225
72225
72225
72225
72225
72226
72226
72226
72226
72226
72226
72226
72226
72226
72226
72226
72226
72226
72226
72226
72226
72226
72226
72226
72226
72226
72226
72226
72226
72226
72226
72226
72226
72226
72226
72226
72226
72226
72226
72226
72226
72226
72226
72226
72226
72226
72226
72226
72226
72226
72226
72226
72226
72226
72226
72226
72226
72226
72226
72226
72226
72226
72226
72226
72226
72226
72226
72226
72226
72226
72226
72226
72226
72226
72226
72226
72226
72226
72226
72226
72226
72226
72226
72226
72226
72226
72226
72226
72226
72226
72226
72226
72226
72226
72226
72226
72226
72226
72226
72226
72226
72226
72226
72226
72226
72226
72226
72226
72226
72226
72226
72226
72227
72227
72227
72227
72227
72227
72227
72227
72227
72227
72227
72227
72227
72227
72227
72227
72227
72227
72227
72227
72227
72227
72227
72227
72227
72227
72227
72227
72227
72227
72227
72227
72227
72227
72227
72227
72227
72227
72227
72227
72227
72227
72227
72227
72227
72227
72227
72227
72227
72227
72227
72227
72227
72227
72227
72227
72227
72227
72227
72227
72227
72227
72227
72227
72227
72227
72227
72227
72227
72227
72227
72227
72227
72227
72227
72227
72227
72227
72227
72227
72227
72227
72227
72227
72227
72227
72227
72227
72227
72227
72227
72227
72227
72227
72227
72227
72227
72227
72227
72227
72227
72227
72227
72227
72227
72227
72227
72227
72227
72227
72227
72227
72227
72227
72227
72227
72227
72227
72227
72227
72227
72227
72227
72228
72228
72228
72228
72228
72228
72228
72228
72228
72228
72228
72228
72228
72228
72228
72228
72228
72228
72228
72228
72228
72228
72228
72228
72228
72228
72228
72228
72228
72228
72228
72228
72228
72228
72228
72228
72228
72228
72228
72228
72228
72228
72228
72228
72228
72228
72228
72228
72228
72228
72228
72228
72228
72228
72228
72228
72228
72228
72228
72228
72228
72228
72228
72228
72228
72228
72228
72228
72228
72228
72228
72229
72229
72229
72229
72229
72229
72229
72229
72229
72229
72229
72229
72229
72229
72229
72229
72229
72229
72229
72229
72229
72229
72229
72229
72229
72229
72229
72229
72229
72229
72229
72229
72229
72229
72229
72229
72229
72229
72229
72229
72229
72229
72229
72229
72229
72229
72229
72229
72229
72229
72229
72229
72229
72229
72229
72229
72230
72230
72230
72230
72230
72230
72230
72230
72230
72230
72230
72230
72230
72230
72230
72230
72230
72230
72230
72230
72230
72230
72230
72230
72230
72230
72230
72230
72230
72230
72230
72230
72230
72230
72230
72230
72230
72230
72230
72230
72230
72230
72230
72230
72230
72230
72230
72230
72230
72231
72231
72231
72231
72231
72231
72231
72231
72231
72231
72231
72231
72231
72231
72231
72231
72231
72231
72231
72231
72231
72231
72231
72231
72231
72231
72231
72231
72231
72231
72231
72231
72231
72231
72231
72231
72231
72231
72231
72231
72231
72232
72232
72232
72232
72232
72232
72232
72232
72232
72232
72232
72232
72232
72232
72232
72232
72232
72232
72232
72232
72232
72233
72233
72233
72233
72233
72233
72233
72233
72233
72233
72233
72234
72234
72234
72234
72234
72234
72234
72234
72234
72234
72234
72234
72235
72235
72235
72235
72235
72235
72235
72235
72235
72235
72235
72235
72235
72236
72236
72236
72236
72236
72236
72236
72236
72236
72236
72299
72300
72300
72300
72300
72300
72300
72300
72300
72301
72301
72301
72301
72301
72301
72302
72302
72302
72302
72302
72302
72302
72303
72303
72303
72303
72303
72304
72304
72304
72304
72304
72304
72304
72305
72305
72305
72305
72305
72305
72305
72305
72305
72305
72305
72305
72305
72306
72306
72306
72306
72306
72306
72306
72306
72306
72306
72306
72306
72307
72307
72307
72307
72307
72307
72307
72307
72307
72307
72307
72307
72307
72307
72308
72308
72308
72308
72308
72308
72308
72308
72308
72308
72308
72308
72308
72309
72309
72309
72309
72309
72309
72309
72309
72309
72309
72309
72309
72309
72309
72309
72309
72309
72310
72310
72310
72310
72310
72310
72310
72310
72310
72310
72310
72310
72310
72310
72310
72310
72310
72310
72310
72310
72310
72310
72310
72310
72311
72311
72311
72311
72311
72311
72311
72311
72311
72311
72311
72311
72311
72311
72311
72311
72311
72311
72311
72311
72311
72311
72311
72311
72311
72312
72312
72312
72312
72312
72312
72312
72312
72312
72312
72312
72312
72312
72312
72312
72312
72312
72312
72312
72312
72312
72312
72312
72312
72312
72312
72312
72312
72312
72312
72312
72312
72312
72312
72312
72313
72313
72313
72313
72313
72313
72313
72313
72313
72313
72313
72313
72313
72313
72313
72313
72313
72313
72313
72313
72313
72313
72313
72313
72313
72313
72313
72313
72313
72313
72313
72313
72313
72313
72313
72313
72313
72313
72313
72313
72313
72313
72313
72313
72313
72313
72313
72313
72313
72313
72313
72313
72313
72313
72313
72313
72313
72313
72313
72313
72314
72314
72314
72314
72314
72314
72314
72314
72314
72314
72314
72314
72314
72314
72314
72314
72314
72314
72314
72314
72314
72314
72314
72314
72314
72314
72314
72314
72314
72314
72314
72314
72314
72314
72314
72314
72314
72314
72314
72314
72314
72314
72314
72314
72314
72314
72314
72314
72314
72314
72314
72314
72314
72314
72314
72314
72314
72314
72314
72314
72314
72314
72314
72314
72314
72314
72314
72314
72314
72314
72314
72314
72314
72314
72314
72314
72314
72314
72314
72314
72314
72314
72314
72314
72314
72314
72314
72314
72314
72314
72314
72314
72314
72314
72314
72314
72314
72314
72315
72315
72315
72315
72315
72315
72315
72315
72315
72315
72315
72315
72315
72315
72315
72315
72315
72315
72315
72315
72315
72315
72315
72315
72315
72315
